# Singapore HDB central district extract — see ATTRIBUTION.md
v 31441.92888817259 31753.290000261877 0
v 31444.766948201803 31741.712846580143 0
v 31444.766948201803 31741.712846580143 46.1
v 31441.92888817259 31753.290000261877 46.1
v 31444.766948201803 31741.712846580143 0
v 31510.929188437545 31757.691735296394 0
v 31510.929188437545 31757.691735296394 46.1
v 31444.766948201803 31741.712846580143 46.1
v 31510.929188437545 31757.691735296394 0
v 31507.924181032442 31769.94339298579 0
v 31507.924181032442 31769.94339298579 46.1
v 31510.929188437545 31757.691735296394 46.1
v 31507.924181032442 31769.94339298579 0
v 31504.095785906586 31769.025573721527 0
v 31504.095785906586 31769.025573721527 46.1
v 31507.924181032442 31769.94339298579 46.1
v 31504.095785906586 31769.025573721527 0
v 31502.893783382915 31773.9019103513 0
v 31502.893783382915 31773.9019103513 46.1
v 31504.095785906586 31769.025573721527 46.1
v 31502.893783382915 31773.9019103513 0
v 31496.961996851245 31772.475420526374 0
v 31496.961996851245 31772.475420526374 46.1
v 31502.893783382915 31773.9019103513 46.1
v 31496.961996851245 31772.475420526374 0
v 31498.175129468906 31767.510624119095 0
v 31498.175129468906 31767.510624119095 46.1
v 31496.961996851245 31772.475420526374 46.1
v 31498.175129468906 31767.510624119095 0
v 31489.97301548852 31765.531231798945 0
v 31489.97301548852 31765.531231798945 46.1
v 31498.175129468906 31767.510624119095 46.1
v 31489.97301548852 31765.531231798945 0
v 31488.637456978275 31770.982556129973 0
v 31488.637456978275 31770.982556129973 46.1
v 31489.97301548852 31765.531231798945 46.1
v 31488.637456978275 31770.982556129973 0
v 31482.661154103174 31769.545008570778 0
v 31482.661154103174 31769.545008570778 46.1
v 31488.637456978275 31770.982556129973 46.1
v 31482.661154103174 31769.545008570778 0
v 31484.018971780926 31764.00522459734 0
v 31484.018971780926 31764.00522459734 46.1
v 31482.661154103174 31769.545008570778 46.1
v 31484.018971780926 31764.00522459734 0
v 31477.886862033614 31762.52344526233 0
v 31477.886862033614 31762.52344526233 46.1
v 31484.018971780926 31764.00522459734 46.1
v 31477.886862033614 31762.52344526233 0
v 31476.473396147405 31768.29543579295 0
v 31476.473396147405 31768.29543579295 46.1
v 31477.886862033614 31762.52344526233 46.1
v 31476.473396147405 31768.29543579295 0
v 31470.28564128689 31766.791540959264 0
v 31470.28564128689 31766.791540959264 46.1
v 31476.473396147405 31768.29543579295 46.1
v 31470.28564128689 31766.791540959264 0
v 31471.86605187739 31760.33398829291 0
v 31471.86605187739 31760.33398829291 46.1
v 31470.28564128689 31766.791540959264 46.1
v 31471.86605187739 31760.33398829291 0
v 31467.202977411176 31759.206066960036 0
v 31467.202977411176 31759.206066960036 46.1
v 31471.86605187739 31760.33398829291 46.1
v 31467.202977411176 31759.206066960036 0
v 31465.74499346113 31765.132861801674 0
v 31465.74499346113 31765.132861801674 46.1
v 31467.202977411176 31759.206066960036 46.1
v 31465.74499346113 31765.132861801674 0
v 31458.789333510387 31763.45203794912 0
v 31458.789333510387 31763.45203794912 46.1
v 31465.74499346113 31765.132861801674 46.1
v 31458.789333510387 31763.45203794912 0
v 31460.20279932377 31757.657932366135 0
v 31460.20279932377 31757.657932366135 46.1
v 31458.789333510387 31763.45203794912 46.1
v 31460.20279932377 31757.657932366135 0
v 31452.41245989788 31755.778063620688 0
v 31452.41245989788 31755.778063620688 46.1
v 31460.20279932377 31757.657932366135 46.1
v 31452.41245989788 31755.778063620688 0
v 31451.29949488741 31760.333734429427 0
v 31451.29949488741 31760.333734429427 46.1
v 31452.41245989788 31755.778063620688 46.1
v 31451.29949488741 31760.333734429427 0
v 31444.143511672744 31758.608678533918 0
v 31444.143511672744 31758.608678533918 46.1
v 31451.29949488741 31760.333734429427 46.1
v 31444.143511672744 31758.608678533918 0
v 31445.24534707562 31754.086180023194 0
v 31445.24534707562 31754.086180023194 46.1
v 31444.143511672744 31758.608678533918 46.1
v 31445.24534707562 31754.086180023194 0
v 31441.92888817259 31753.290000261877 0
v 31441.92888817259 31753.290000261877 46.1
v 31445.24534707562 31754.086180023194 46.1
v 31441.92888817259 31753.290000261877 46.1
v 31444.766948201803 31741.712846580143 46.1
v 31510.929188437545 31757.691735296394 46.1
v 31507.924181032442 31769.94339298579 46.1
v 31504.095785906586 31769.025573721527 46.1
v 31502.893783382915 31773.9019103513 46.1
v 31496.961996851245 31772.475420526374 46.1
v 31498.175129468906 31767.510624119095 46.1
v 31489.97301548852 31765.531231798945 46.1
v 31488.637456978275 31770.982556129973 46.1
v 31482.661154103174 31769.545008570778 46.1
v 31484.018971780926 31764.00522459734 46.1
v 31477.886862033614 31762.52344526233 46.1
v 31476.473396147405 31768.29543579295 46.1
v 31470.28564128689 31766.791540959264 46.1
v 31471.86605187739 31760.33398829291 46.1
v 31467.202977411176 31759.206066960036 46.1
v 31465.74499346113 31765.132861801674 46.1
v 31458.789333510387 31763.45203794912 46.1
v 31460.20279932377 31757.657932366135 46.1
v 31452.41245989788 31755.778063620688 46.1
v 31451.29949488741 31760.333734429427 46.1
v 31444.143511672744 31758.608678533918 46.1
v 31445.24534707562 31754.086180023194 46.1
v 31445.24534707562 31754.086180023194 0
v 31444.143511672744 31758.608678533918 0
v 31451.29949488741 31760.333734429427 0
v 31452.41245989788 31755.778063620688 0
v 31460.20279932377 31757.657932366135 0
v 31458.789333510387 31763.45203794912 0
v 31465.74499346113 31765.132861801674 0
v 31467.202977411176 31759.206066960036 0
v 31471.86605187739 31760.33398829291 0
v 31470.28564128689 31766.791540959264 0
v 31476.473396147405 31768.29543579295 0
v 31477.886862033614 31762.52344526233 0
v 31484.018971780926 31764.00522459734 0
v 31482.661154103174 31769.545008570778 0
v 31488.637456978275 31770.982556129973 0
v 31489.97301548852 31765.531231798945 0
v 31498.175129468906 31767.510624119095 0
v 31496.961996851245 31772.475420526374 0
v 31502.893783382915 31773.9019103513 0
v 31504.095785906586 31769.025573721527 0
v 31507.924181032442 31769.94339298579 0
v 31510.929188437545 31757.691735296394 0
v 31444.766948201803 31741.712846580143 0
v 31441.92888817259 31753.290000261877 0
v 30830.069058896017 32224.210443640095 0
v 30868.520355040615 32189.291293089555 0
v 30868.520355040615 32189.291293089555 40.5
v 30830.069058896017 32224.210443640095 40.5
v 30868.520355040615 32189.291293089555 0
v 30879.448981170055 32201.167145936306 0
v 30879.448981170055 32201.167145936306 40.5
v 30868.520355040615 32189.291293089555 40.5
v 30879.448981170055 32201.167145936306 0
v 30840.99768523212 32236.08629500764 0
v 30840.99768523212 32236.08629500764 40.5
v 30879.448981170055 32201.167145936306 40.5
v 30840.99768523212 32236.08629500764 0
v 30830.069058896017 32224.210443640095 0
v 30830.069058896017 32224.210443640095 40.5
v 30840.99768523212 32236.08629500764 40.5
v 30830.069058896017 32224.210443640095 40.5
v 30868.520355040615 32189.291293089555 40.5
v 30879.448981170055 32201.167145936306 40.5
v 30840.99768523212 32236.08629500764 40.5
v 30840.99768523212 32236.08629500764 0
v 30879.448981170055 32201.167145936306 0
v 30868.520355040615 32189.291293089555 0
v 30830.069058896017 32224.210443640095 0
v 31353.77225807595 32013.305731428132 0
v 31343.7227996039 32004.935093733024 0
v 31343.7227996039 32004.935093733024 46.1
v 31353.77225807595 32013.305731428132 46.1
v 31343.7227996039 32004.935093733024 0
v 31379.19168348723 31962.87283987815 0
v 31379.19168348723 31962.87283987815 46.1
v 31343.7227996039 32004.935093733024 46.1
v 31379.19168348723 31962.87283987815 0
v 31389.241142467858 31971.243478811048 0
v 31389.241142467858 31971.243478811048 46.1
v 31379.19168348723 31962.87283987815 46.1
v 31389.241142467858 31971.243478811048 0
v 31353.77225807595 32013.305731428132 0
v 31353.77225807595 32013.305731428132 46.1
v 31389.241142467858 31971.243478811048 46.1
v 31353.77225807595 32013.305731428132 46.1
v 31343.7227996039 32004.935093733024 46.1
v 31379.19168348723 31962.87283987815 46.1
v 31389.241142467858 31971.243478811048 46.1
v 31389.241142467858 31971.243478811048 0
v 31379.19168348723 31962.87283987815 0
v 31343.7227996039 32004.935093733024 0
v 31353.77225807595 32013.305731428132 0
v 29893.69440859568 31774.848428932994 0
v 29942.217234037125 31774.31800138751 0
v 29942.217234037125 31774.31800138751 29.3
v 29893.69440859568 31774.848428932994 29.3
v 29942.217234037125 31774.31800138751 0
v 29942.30621903892 31781.206815514473 0
v 29942.30621903892 31781.206815514473 29.3
v 29942.217234037125 31774.31800138751 29.3
v 29942.30621903892 31781.206815514473 0
v 29932.62391223317 31781.32838097866 0
v 29932.62391223317 31781.32838097866 29.3
v 29942.30621903892 31781.206815514473 29.3
v 29932.62391223317 31781.32838097866 0
v 29932.679526355223 31785.873007931325 0
v 29932.679526355223 31785.873007931325 29.3
v 29932.62391223317 31781.32838097866 29.3
v 29932.679526355223 31785.873007931325 0
v 29893.8501380322 31786.370329925274 0
v 29893.8501380322 31786.370329925274 29.3
v 29932.679526355223 31785.873007931325 29.3
v 29893.8501380322 31786.370329925274 0
v 29893.69440859568 31774.848428932994 0
v 29893.69440859568 31774.848428932994 29.3
v 29893.8501380322 31786.370329925274 29.3
v 29893.69440859568 31774.848428932994 29.3
v 29942.217234037125 31774.31800138751 29.3
v 29942.30621903892 31781.206815514473 29.3
v 29932.62391223317 31781.32838097866 29.3
v 29932.679526355223 31785.873007931325 29.3
v 29893.8501380322 31786.370329925274 29.3
v 29893.8501380322 31786.370329925274 0
v 29932.679526355223 31785.873007931325 0
v 29932.62391223317 31781.32838097866 0
v 29942.30621903892 31781.206815514473 0
v 29942.217234037125 31774.31800138751 0
v 29893.69440859568 31774.848428932994 0
v 31282.325667668338 31834.306290811932 0
v 31303.103533711408 31846.00535571142 0
v 31303.103533711408 31846.00535571142 71.3
v 31282.325667668338 31834.306290811932 71.3
v 31303.103533711408 31846.00535571142 0
v 31289.05833852883 31870.630213195484 0
v 31289.05833852883 31870.630213195484 71.3
v 31303.103533711408 31846.00535571142 71.3
v 31289.05833852883 31870.630213195484 0
v 31268.28047364532 31858.942206775362 0
v 31268.28047364532 31858.942206775362 71.3
v 31289.05833852883 31870.630213195484 71.3
v 31268.28047364532 31858.942206775362 0
v 31282.325667668338 31834.306290811932 0
v 31282.325667668338 31834.306290811932 71.3
v 31268.28047364532 31858.942206775362 71.3
v 31282.325667668338 31834.306290811932 71.3
v 31303.103533711408 31846.00535571142 71.3
v 31289.05833852883 31870.630213195484 71.3
v 31268.28047364532 31858.942206775362 71.3
v 31268.28047364532 31858.942206775362 0
v 31289.05833852883 31870.630213195484 0
v 31303.103533711408 31846.00535571142 0
v 31282.325667668338 31834.306290811932 0
v 31287.99095429821 31784.70247250476 0
v 31346.963517461314 31824.499064538584 0
v 31346.963517461314 31824.499064538584 6.9
v 31287.99095429821 31784.70247250476 6.9
v 31346.963517461314 31824.499064538584 0
v 31329.27909188805 31850.34020017464 0
v 31329.27909188805 31850.34020017464 6.9
v 31346.963517461314 31824.499064538584 6.9
v 31329.27909188805 31850.34020017464 0
v 31270.317660908502 31810.543611851426 0
v 31270.317660908502 31810.543611851426 6.9
v 31329.27909188805 31850.34020017464 6.9
v 31270.317660908502 31810.543611851426 0
v 31287.99095429821 31784.70247250476 0
v 31287.99095429821 31784.70247250476 6.9
v 31270.317660908502 31810.543611851426 6.9
v 31287.99095429821 31784.70247250476 6.9
v 31346.963517461314 31824.499064538584 6.9
v 31329.27909188805 31850.34020017464 6.9
v 31270.317660908502 31810.543611851426 6.9
v 31270.317660908502 31810.543611851426 0
v 31329.27909188805 31850.34020017464 0
v 31346.963517461314 31824.499064538584 0
v 31287.99095429821 31784.70247250476 0
v 30875.563146000433 31290.129763672885 0
v 30875.251928659956 31251.207410538645 0
v 30875.251928659956 31251.207410538645 57.3
v 30875.563146000433 31290.129763672885 57.3
v 30875.251928659956 31251.207410538645 0
v 30915.050030414295 31211.79894058242 0
v 30915.050030414295 31211.79894058242 57.3
v 30875.251928659956 31251.207410538645 57.3
v 30915.050030414295 31211.79894058242 0
v 30915.04987549998 31226.75971883179 0
v 30915.04987549998 31226.75971883179 57.3
v 30915.050030414295 31211.79894058242 57.3
v 30915.04987549998 31226.75971883179 0
v 30910.086243196387 31231.525443845818 0
v 30910.086243196387 31231.525443845818 57.3
v 30915.04987549998 31226.75971883179 57.3
v 30910.086243196387 31231.525443845818 0
v 30915.049778856417 31236.092236831402 0
v 30915.049778856417 31236.092236831402 57.3
v 30910.086243196387 31231.525443845818 57.3
v 30915.049778856417 31236.092236831402 0
v 30915.04962506112 31250.942440248924 0
v 30915.04962506112 31250.942440248924 57.3
v 30915.049778856417 31236.092236831402 57.3
v 30915.04962506112 31250.942440248924 0
v 30875.563146000433 31290.129763672885 0
v 30875.563146000433 31290.129763672885 57.3
v 30915.04962506112 31250.942440248924 57.3
v 30875.563146000433 31290.129763672885 57.3
v 30875.251928659956 31251.207410538645 57.3
v 30915.050030414295 31211.79894058242 57.3
v 30915.04987549998 31226.75971883179 57.3
v 30910.086243196387 31231.525443845818 57.3
v 30915.049778856417 31236.092236831402 57.3
v 30915.04962506112 31250.942440248924 57.3
v 30915.04962506112 31250.942440248924 0
v 30915.049778856417 31236.092236831402 0
v 30910.086243196387 31231.525443845818 0
v 30915.04987549998 31226.75971883179 0
v 30915.050030414295 31211.79894058242 0
v 30875.251928659956 31251.207410538645 0
v 30875.563146000433 31290.129763672885 0
v 31363.012391048476 31763.583562857006 0
v 31382.19880510219 31774.81819999846 0
v 31382.19880510219 31774.81819999846 57.3
v 31363.012391048476 31763.583562857006 57.3
v 31382.19880510219 31774.81819999846 0
v 31369.567033850235 31796.092652171003 0
v 31369.567033850235 31796.092652171003 57.3
v 31382.19880510219 31774.81819999846 57.3
v 31369.567033850235 31796.092652171003 0
v 31350.38062078527 31784.858015854858 0
v 31350.38062078527 31784.858015854858 57.3
v 31369.567033850235 31796.092652171003 57.3
v 31350.38062078527 31784.858015854858 0
v 31363.012391048476 31763.583562857006 0
v 31363.012391048476 31763.583562857006 57.3
v 31350.38062078527 31784.858015854858 57.3
v 31363.012391048476 31763.583562857006 57.3
v 31382.19880510219 31774.81819999846 57.3
v 31369.567033850235 31796.092652171003 57.3
v 31350.38062078527 31784.858015854858 57.3
v 31350.38062078527 31784.858015854858 0
v 31369.567033850235 31796.092652171003 0
v 31382.19880510219 31774.81819999846 0
v 31363.012391048476 31763.583562857006 0
v 31234.004550924623 31715.050737415324 0
v 31289.349151030932 31746.509929975364 0
v 31289.349151030932 31746.509929975364 46.1
v 31234.004550924623 31715.050737415324 46.1
v 31289.349151030932 31746.509929975364 0
v 31283.539648160608 31756.594289598397 0
v 31283.539648160608 31756.594289598397 46.1
v 31289.349151030932 31746.509929975364 46.1
v 31283.539648160608 31756.594289598397 0
v 31228.19504944469 31725.13509813213 0
v 31228.19504944469 31725.13509813213 46.1
v 31283.539648160608 31756.594289598397 46.1
v 31228.19504944469 31725.13509813213 0
v 31234.004550924623 31715.050737415324 0
v 31234.004550924623 31715.050737415324 46.1
v 31228.19504944469 31725.13509813213 46.1
v 31234.004550924623 31715.050737415324 46.1
v 31289.349151030932 31746.509929975364 46.1
v 31283.539648160608 31756.594289598397 46.1
v 31228.19504944469 31725.13509813213 46.1
v 31228.19504944469 31725.13509813213 0
v 31283.539648160608 31756.594289598397 0
v 31289.349151030932 31746.509929975364 0
v 31234.004550924623 31715.050737415324 0
v 31206.6821369575 31758.428943035222 0
v 31262.0267313359 31789.88813042303 0
v 31262.0267313359 31789.88813042303 46.1
v 31206.6821369575 31758.428943035222 46.1
v 31262.0267313359 31789.88813042303 0
v 31256.217230325157 31799.972490601253 0
v 31256.217230325157 31799.972490601253 46.1
v 31262.0267313359 31789.88813042303 46.1
v 31256.217230325157 31799.972490601253 0
v 31200.87263733712 31768.513304307766 0
v 31200.87263733712 31768.513304307766 46.1
v 31256.217230325157 31799.972490601253 46.1
v 31200.87263733712 31768.513304307766 0
v 31206.6821369575 31758.428943035222 0
v 31206.6821369575 31758.428943035222 46.1
v 31200.87263733712 31768.513304307766 46.1
v 31206.6821369575 31758.428943035222 46.1
v 31262.0267313359 31789.88813042303 46.1
v 31256.217230325157 31799.972490601253 46.1
v 31200.87263733712 31768.513304307766 46.1
v 31200.87263733712 31768.513304307766 0
v 31256.217230325157 31799.972490601253 0
v 31262.0267313359 31789.88813042303 0
v 31206.6821369575 31758.428943035222 0
v 31486.311207658335 31792.677316145593 0
v 31489.149269035654 31781.111220332627 0
v 31489.149269035654 31781.111220332627 46.1
v 31486.311207658335 31792.677316145593 46.1
v 31489.149269035654 31781.111220332627 0
v 31555.311497640938 31797.09011985788 0
v 31555.311497640938 31797.09011985788 46.1
v 31489.149269035654 31781.111220332627 46.1
v 31555.311497640938 31797.09011985788 0
v 31552.306488664213 31809.341777143345 0
v 31552.306488664213 31809.341777143345 46.1
v 31555.311497640938 31797.09011985788 46.1
v 31552.306488664213 31809.341777143345 0
v 31548.478094348793 31808.412899766678 0
v 31548.478094348793 31808.412899766678 46.1
v 31552.306488664213 31809.341777143345 46.1
v 31548.478094348793 31808.412899766678 0
v 31547.276091060452 31813.300293721473 0
v 31547.276091060452 31813.300293721473 46.1
v 31548.478094348793 31808.412899766678 46.1
v 31547.276091060452 31813.300293721473 0
v 31541.344305711686 31811.862745440423 0
v 31541.344305711686 31811.862745440423 46.1
v 31547.276091060452 31813.300293721473 46.1
v 31541.344305711686 31811.862745440423 0
v 31542.557438966847 31806.897949196187 0
v 31542.557438966847 31806.897949196187 46.1
v 31541.344305711686 31811.862745440423 46.1
v 31542.557438966847 31806.897949196187 0
v 31534.355326429184 31804.918555535638 0
v 31534.355326429184 31804.918555535638 46.1
v 31542.557438966847 31806.897949196187 46.1
v 31534.355326429184 31804.918555535638 0
v 31533.01976707875 31810.38093717392 0
v 31533.01976707875 31810.38093717392 46.1
v 31534.355326429184 31804.918555535638 46.1
v 31533.01976707875 31810.38093717392 0
v 31527.043465392497 31808.93233115143 0
v 31527.043465392497 31808.93233115143 46.1
v 31533.01976707875 31810.38093717392 46.1
v 31527.043465392497 31808.93233115143 0
v 31528.40128377948 31803.392547360552 0
v 31528.40128377948 31803.392547360552 46.1
v 31527.043465392497 31808.93233115143 46.1
v 31528.40128377948 31803.392547360552 0
v 31522.26917511009 31801.91076702369 0
v 31522.26917511009 31801.91076702369 46.1
v 31528.40128377948 31803.392547360552 46.1
v 31522.26917511009 31801.91076702369 0
v 31520.855708484738 31807.68275736416 0
v 31520.855708484738 31807.68275736416 46.1
v 31522.26917511009 31801.91076702369 46.1
v 31520.855708484738 31807.68275736416 0
v 31514.667954574772 31806.189919006225 0
v 31514.667954574772 31806.189919006225 46.1
v 31520.855708484738 31807.68275736416 46.1
v 31514.667954574772 31806.189919006225 0
v 31516.25949508133 31799.732366692002 0
v 31516.25949508133 31799.732366692002 46.1
v 31514.667954574772 31806.189919006225 46.1
v 31516.25949508133 31799.732366692002 0
v 31511.585292346248 31798.60444445772 0
v 31511.585292346248 31798.60444445772 46.1
v 31516.25949508133 31799.732366692002 46.1
v 31511.585292346248 31798.60444445772 0
v 31510.127307638253 31804.531239103053 0
v 31510.127307638253 31804.531239103053 46.1
v 31511.585292346248 31798.60444445772 46.1
v 31510.127307638253 31804.531239103053 0
v 31503.171649047352 31802.839356627435 0
v 31503.171649047352 31802.839356627435 46.1
v 31510.127307638253 31804.531239103053 46.1
v 31503.171649047352 31802.839356627435 0
v 31504.58511560613 31797.045251234493 0
v 31504.58511560613 31797.045251234493 46.1
v 31503.171649047352 31802.839356627435 46.1
v 31504.58511560613 31797.045251234493 0
v 31496.794777549327 31795.165381216495 0
v 31496.794777549327 31795.165381216495 46.1
v 31504.58511560613 31797.045251234493 46.1
v 31496.794777549327 31795.165381216495 0
v 31495.681811816303 31799.73210936227 0
v 31495.681811816303 31799.73210936227 46.1
v 31496.794777549327 31795.165381216495 46.1
v 31495.681811816303 31799.73210936227 0
v 31488.525829859318 31798.007052297864 0
v 31488.525829859318 31798.007052297864 46.1
v 31495.681811816303 31799.73210936227 46.1
v 31488.525829859318 31798.007052297864 0
v 31489.638794930706 31793.48455407384 0
v 31489.638794930706 31793.48455407384 46.1
v 31488.525829859318 31798.007052297864 46.1
v 31489.638794930706 31793.48455407384 0
v 31486.311207658335 31792.677316145593 0
v 31486.311207658335 31792.677316145593 46.1
v 31489.638794930706 31793.48455407384 46.1
v 31486.311207658335 31792.677316145593 46.1
v 31489.149269035654 31781.111220332627 46.1
v 31555.311497640938 31797.09011985788 46.1
v 31552.306488664213 31809.341777143345 46.1
v 31548.478094348793 31808.412899766678 46.1
v 31547.276091060452 31813.300293721473 46.1
v 31541.344305711686 31811.862745440423 46.1
v 31542.557438966847 31806.897949196187 46.1
v 31534.355326429184 31804.918555535638 46.1
v 31533.01976707875 31810.38093717392 46.1
v 31527.043465392497 31808.93233115143 46.1
v 31528.40128377948 31803.392547360552 46.1
v 31522.26917511009 31801.91076702369 46.1
v 31520.855708484738 31807.68275736416 46.1
v 31514.667954574772 31806.189919006225 46.1
v 31516.25949508133 31799.732366692002 46.1
v 31511.585292346248 31798.60444445772 46.1
v 31510.127307638253 31804.531239103053 46.1
v 31503.171649047352 31802.839356627435 46.1
v 31504.58511560613 31797.045251234493 46.1
v 31496.794777549327 31795.165381216495 46.1
v 31495.681811816303 31799.73210936227 46.1
v 31488.525829859318 31798.007052297864 46.1
v 31489.638794930706 31793.48455407384 46.1
v 31489.638794930706 31793.48455407384 0
v 31488.525829859318 31798.007052297864 0
v 31495.681811816303 31799.73210936227 0
v 31496.794777549327 31795.165381216495 0
v 31504.58511560613 31797.045251234493 0
v 31503.171649047352 31802.839356627435 0
v 31510.127307638253 31804.531239103053 0
v 31511.585292346248 31798.60444445772 0
v 31516.25949508133 31799.732366692002 0
v 31514.667954574772 31806.189919006225 0
v 31520.855708484738 31807.68275736416 0
v 31522.26917511009 31801.91076702369 0
v 31528.40128377948 31803.392547360552 0
v 31527.043465392497 31808.93233115143 0
v 31533.01976707875 31810.38093717392 0
v 31534.355326429184 31804.918555535638 0
v 31542.557438966847 31806.897949196187 0
v 31541.344305711686 31811.862745440423 0
v 31547.276091060452 31813.300293721473 0
v 31548.478094348793 31808.412899766678 0
v 31552.306488664213 31809.341777143345 0
v 31555.311497640938 31797.09011985788 0
v 31489.149269035654 31781.111220332627 0
v 31486.311207658335 31792.677316145593 0
v 30844.937221771575 32251.23509162482 0
v 30887.584223876922 32211.66078455698 0
v 30887.584223876922 32211.66078455698 40.5
v 30844.937221771575 32251.23509162482 40.5
v 30887.584223876922 32211.66078455698 0
v 30900.3713852857 32225.25056789467 0
v 30900.3713852857 32225.25056789467 40.5
v 30887.584223876922 32211.66078455698 40.5
v 30900.3713852857 32225.25056789467 0
v 30857.71325429946 32264.82487293044 0
v 30857.71325429946 32264.82487293044 40.5
v 30900.3713852857 32225.25056789467 40.5
v 30857.71325429946 32264.82487293044 0
v 30844.937221771575 32251.23509162482 0
v 30844.937221771575 32251.23509162482 40.5
v 30857.71325429946 32264.82487293044 40.5
v 30844.937221771575 32251.23509162482 40.5
v 30887.584223876922 32211.66078455698 40.5
v 30900.3713852857 32225.25056789467 40.5
v 30857.71325429946 32264.82487293044 40.5
v 30857.71325429946 32264.82487293044 0
v 30900.3713852857 32225.25056789467 0
v 30887.584223876922 32211.66078455698 0
v 30844.937221771575 32251.23509162482 0
v 30182.44445787201 31018.35266306613 0
v 30189.31116623053 31012.84608871637 0
v 30189.31116623053 31012.84608871637 71.3
v 30182.44445787201 31018.35266306613 71.3
v 30189.31116623053 31012.84608871637 0
v 30192.872449903065 31017.224880491245 0
v 30192.872449903065 31017.224880491245 71.3
v 30189.31116623053 31012.84608871637 71.3
v 30192.872449903065 31017.224880491245 0
v 30202.666134827792 31009.374142398265 0
v 30202.666134827792 31009.374142398265 71.3
v 30192.872449903065 31017.224880491245 71.3
v 30202.666134827792 31009.374142398265 0
v 30207.418222350814 31015.234646668352 0
v 30207.418222350814 31015.234646668352 71.3
v 30202.666134827792 31009.374142398265 71.3
v 30207.418222350814 31015.234646668352 0
v 30280.68168021492 30956.475753720162 0
v 30280.68168021492 30956.475753720162 71.3
v 30207.418222350814 31015.234646668352 71.3
v 30280.68168021492 30956.475753720162 0
v 30328.603185024534 31015.423598676352 0
v 30328.603185024534 31015.423598676352 71.3
v 30280.68168021492 30956.475753720162 71.3
v 30328.603185024534 31015.423598676352 0
v 30238.67934009651 31087.539788611422 0
v 30238.67934009651 31087.539788611422 71.3
v 30328.603185024534 31015.423598676352 71.3
v 30238.67934009651 31087.539788611422 0
v 30202.676999348838 31043.24321940933 0
v 30202.676999348838 31043.24321940933 71.3
v 30238.67934009651 31087.539788611422 71.3
v 30202.676999348838 31043.24321940933 0
v 30182.44445787201 31018.35266306613 0
v 30182.44445787201 31018.35266306613 71.3
v 30202.676999348838 31043.24321940933 71.3
v 30182.44445787201 31018.35266306613 71.3
v 30189.31116623053 31012.84608871637 71.3
v 30192.872449903065 31017.224880491245 71.3
v 30202.666134827792 31009.374142398265 71.3
v 30207.418222350814 31015.234646668352 71.3
v 30280.68168021492 30956.475753720162 71.3
v 30328.603185024534 31015.423598676352 71.3
v 30238.67934009651 31087.539788611422 71.3
v 30202.676999348838 31043.24321940933 71.3
v 30202.676999348838 31043.24321940933 0
v 30238.67934009651 31087.539788611422 0
v 30328.603185024534 31015.423598676352 0
v 30280.68168021492 30956.475753720162 0
v 30207.418222350814 31015.234646668352 0
v 30202.666134827792 31009.374142398265 0
v 30192.872449903065 31017.224880491245 0
v 30189.31116623053 31012.84608871637 0
v 30182.44445787201 31018.35266306613 0
v 30728.41741526237 32092.581115272944 0
v 30798.60913965419 32028.03926063822 0
v 30798.60913965419 32028.03926063822 46.1
v 30728.41741526237 32092.581115272944 46.1
v 30798.60913965419 32028.03926063822 0
v 30806.96698736901 32037.00696573389 0
v 30806.96698736901 32037.00696573389 46.1
v 30798.60913965419 32028.03926063822 46.1
v 30806.96698736901 32037.00696573389 0
v 30736.786392185917 32101.559875902105 0
v 30736.786392185917 32101.559875902105 46.1
v 30806.96698736901 32037.00696573389 46.1
v 30736.786392185917 32101.559875902105 0
v 30728.41741526237 32092.581115272944 0
v 30728.41741526237 32092.581115272944 46.1
v 30736.786392185917 32101.559875902105 46.1
v 30728.41741526237 32092.581115272944 46.1
v 30798.60913965419 32028.03926063822 46.1
v 30806.96698736901 32037.00696573389 46.1
v 30736.786392185917 32101.559875902105 46.1
v 30736.786392185917 32101.559875902105 0
v 30806.96698736901 32037.00696573389 0
v 30798.60913965419 32028.03926063822 0
v 30728.41741526237 32092.581115272944 0
v 30687.607254724677 32076.01660587867 0
v 30744.421681177453 32025.738767034283 0
v 30744.421681177453 32025.738767034283 46.1
v 30687.607254724677 32076.01660587867 46.1
v 30744.421681177453 32025.738767034283 0
v 30752.60146379253 32034.87233101851 0
v 30752.60146379253 32034.87233101851 46.1
v 30744.421681177453 32025.738767034283 46.1
v 30752.60146379253 32034.87233101851 0
v 30695.7981667393 32085.150168334694 0
v 30695.7981667393 32085.150168334694 46.1
v 30752.60146379253 32034.87233101851 46.1
v 30695.7981667393 32085.150168334694 0
v 30687.607254724677 32076.01660587867 0
v 30687.607254724677 32076.01660587867 46.1
v 30695.7981667393 32085.150168334694 46.1
v 30687.607254724677 32076.01660587867 46.1
v 30744.421681177453 32025.738767034283 46.1
v 30752.60146379253 32034.87233101851 46.1
v 30695.7981667393 32085.150168334694 46.1
v 30695.7981667393 32085.150168334694 0
v 30752.60146379253 32034.87233101851 0
v 30744.421681177453 32025.738767034283 0
v 30687.607254724677 32076.01660587867 0
v 30064.94187919337 31203.221871608668 0
v 30083.783578699033 31187.575668857775 0
v 30083.783578699033 31187.575668857775 15.3
v 30064.94187919337 31203.221871608668 15.3
v 30083.783578699033 31187.575668857775 0
v 30092.419822093114 31180.39942500372 0
v 30092.419822093114 31180.39942500372 15.3
v 30083.783578699033 31187.575668857775 15.3
v 30092.419822093114 31180.39942500372 0
v 30114.010105212175 31206.064009376823 0
v 30114.010105212175 31206.064009376823 15.3
v 30092.419822093114 31180.39942500372 15.3
v 30114.010105212175 31206.064009376823 0
v 30124.059754701855 31197.715683662333 0
v 30124.059754701855 31197.715683662333 15.3
v 30114.010105212175 31206.064009376823 15.3
v 30124.059754701855 31197.715683662333 0
v 30156.07791442947 31235.764733699663 0
v 30156.07791442947 31235.764733699663 15.3
v 30124.059754701855 31197.715683662333 15.3
v 30156.07791442947 31235.764733699663 0
v 30143.969366980768 31245.84906778606 0
v 30143.969366980768 31245.84906778606 15.3
v 30156.07791442947 31235.764733699663 15.3
v 30143.969366980768 31245.84906778606 0
v 30141.098039119042 31248.193232809004 0
v 30141.098039119042 31248.193232809004 15.3
v 30143.969366980768 31245.84906778606 15.3
v 30141.098039119042 31248.193232809004 0
v 30088.69074411656 31291.704043557467 0
v 30088.69074411656 31291.704043557467 15.3
v 30141.098039119042 31248.193232809004 15.3
v 30088.69074411656 31291.704043557467 0
v 30079.40915049015 31280.67966202842 0
v 30079.40915049015 31280.67966202842 15.3
v 30088.69074411656 31291.704043557467 15.3
v 30079.40915049015 31280.67966202842 0
v 30043.150831887207 31237.588376617834 0
v 30043.150831887207 31237.588376617834 15.3
v 30079.40915049015 31280.67966202842 15.3
v 30043.150831887207 31237.588376617834 0
v 30035.082297132496 31228.012536009395 0
v 30035.082297132496 31228.012536009395 15.3
v 30043.150831887207 31237.588376617834 15.3
v 30035.082297132496 31228.012536009395 0
v 30017.108938733192 31206.638287854068 0
v 30017.108938733192 31206.638287854068 15.3
v 30035.082297132496 31228.012536009395 15.3
v 30017.108938733192 31206.638287854068 0
v 30046.957392232187 31181.858678978646 0
v 30046.957392232187 31181.858678978646 15.3
v 30017.108938733192 31206.638287854068 15.3
v 30046.957392232187 31181.858678978646 0
v 30064.94187919337 31203.221871608668 0
v 30064.94187919337 31203.221871608668 15.3
v 30046.957392232187 31181.858678978646 15.3
v 30064.94187919337 31203.221871608668 15.3
v 30083.783578699033 31187.575668857775 15.3
v 30092.419822093114 31180.39942500372 15.3
v 30114.010105212175 31206.064009376823 15.3
v 30124.059754701855 31197.715683662333 15.3
v 30156.07791442947 31235.764733699663 15.3
v 30143.969366980768 31245.84906778606 15.3
v 30141.098039119042 31248.193232809004 15.3
v 30088.69074411656 31291.704043557467 15.3
v 30079.40915049015 31280.67966202842 15.3
v 30043.150831887207 31237.588376617834 15.3
v 30035.082297132496 31228.012536009395 15.3
v 30017.108938733192 31206.638287854068 15.3
v 30046.957392232187 31181.858678978646 15.3
v 30046.957392232187 31181.858678978646 0
v 30017.108938733192 31206.638287854068 0
v 30035.082297132496 31228.012536009395 0
v 30043.150831887207 31237.588376617834 0
v 30079.40915049015 31280.67966202842 0
v 30088.69074411656 31291.704043557467 0
v 30141.098039119042 31248.193232809004 0
v 30143.969366980768 31245.84906778606 0
v 30156.07791442947 31235.764733699663 0
v 30124.059754701855 31197.715683662333 0
v 30114.010105212175 31206.064009376823 0
v 30092.419822093114 31180.39942500372 0
v 30083.783578699033 31187.575668857775 0
v 30064.94187919337 31203.221871608668 0
v 30035.082297132496 31228.012536009395 0
v 30064.94187919337 31203.221871608668 0
v 30064.94187919337 31203.221871608668 51.7
v 30035.082297132496 31228.012536009395 51.7
v 30064.94187919337 31203.221871608668 0
v 30083.783578699033 31187.575668857775 0
v 30083.783578699033 31187.575668857775 51.7
v 30064.94187919337 31203.221871608668 51.7
v 30083.783578699033 31187.575668857775 0
v 30091.852112913573 31197.162568327294 0
v 30091.852112913573 31197.162568327294 51.7
v 30083.783578699033 31187.575668857775 51.7
v 30091.852112913573 31197.162568327294 0
v 30043.150831887207 31237.588376617834 0
v 30043.150831887207 31237.588376617834 51.7
v 30091.852112913573 31197.162568327294 51.7
v 30043.150831887207 31237.588376617834 0
v 30035.082297132496 31228.012536009395 0
v 30035.082297132496 31228.012536009395 51.7
v 30043.150831887207 31237.588376617834 51.7
v 30035.082297132496 31228.012536009395 51.7
v 30064.94187919337 31203.221871608668 51.7
v 30083.783578699033 31187.575668857775 51.7
v 30091.852112913573 31197.162568327294 51.7
v 30043.150831887207 31237.588376617834 51.7
v 30043.150831887207 31237.588376617834 0
v 30091.852112913573 31197.162568327294 0
v 30083.783578699033 31187.575668857775 0
v 30064.94187919337 31203.221871608668 0
v 30035.082297132496 31228.012536009395 0
v 30124.059754701855 31197.715683662333 0
v 30133.408123375535 31208.828526972084 0
v 30133.408123375535 31208.828526972084 60.1
v 30124.059754701855 31197.715683662333 60.1
v 30133.408123375535 31208.828526972084 0
v 30118.439376694216 31221.26808483976 0
v 30118.439376694216 31221.26808483976 60.1
v 30133.408123375535 31208.828526972084 60.1
v 30118.439376694216 31221.26808483976 0
v 30089.837388802065 31245.008291871214 0
v 30089.837388802065 31245.008291871214 60.1
v 30118.439376694216 31221.26808483976 60.1
v 30089.837388802065 31245.008291871214 0
v 30080.489019651766 31233.895449987827 0
v 30080.489019651766 31233.895449987827 60.1
v 30089.837388802065 31245.008291871214 60.1
v 30080.489019651766 31233.895449987827 0
v 30124.059754701855 31197.715683662333 0
v 30124.059754701855 31197.715683662333 60.1
v 30080.489019651766 31233.895449987827 60.1
v 30124.059754701855 31197.715683662333 60.1
v 30133.408123375535 31208.828526972084 60.1
v 30118.439376694216 31221.26808483976 60.1
v 30089.837388802065 31245.008291871214 60.1
v 30080.489019651766 31233.895449987827 60.1
v 30080.489019651766 31233.895449987827 0
v 30089.837388802065 31245.008291871214 0
v 30118.439376694216 31221.26808483976 0
v 30133.408123375535 31208.828526972084 0
v 30124.059754701855 31197.715683662333 0
v 30088.69074411656 31291.704043557467 0
v 30079.40915049015 31280.67966202842 0
v 30079.40915049015 31280.67966202842 51.7
v 30088.69074411656 31291.704043557467 51.7
v 30079.40915049015 31280.67966202842 0
v 30131.816446145618 31237.15779209066 0
v 30131.816446145618 31237.15779209066 51.7
v 30079.40915049015 31280.67966202842 51.7
v 30131.816446145618 31237.15779209066 0
v 30141.098039119042 31248.193232809004 0
v 30141.098039119042 31248.193232809004 51.7
v 30131.816446145618 31237.15779209066 51.7
v 30141.098039119042 31248.193232809004 0
v 30088.69074411656 31291.704043557467 0
v 30088.69074411656 31291.704043557467 51.7
v 30141.098039119042 31248.193232809004 51.7
v 30088.69074411656 31291.704043557467 51.7
v 30079.40915049015 31280.67966202842 51.7
v 30131.816446145618 31237.15779209066 51.7
v 30141.098039119042 31248.193232809004 51.7
v 30141.098039119042 31248.193232809004 0
v 30131.816446145618 31237.15779209066 0
v 30079.40915049015 31280.67966202842 0
v 30088.69074411656 31291.704043557467 0
v 30284.917864114817 31450.778553924854 0
v 30252.99990703132 31412.906408554438 0
v 30252.99990703132 31412.906408554438 20.9
v 30284.917864114817 31450.778553924854 20.9
v 30252.99990703132 31412.906408554438 0
v 30261.38017685388 31405.95131747081 0
v 30261.38017685388 31405.95131747081 20.9
v 30252.99990703132 31412.906408554438 20.9
v 30261.38017685388 31405.95131747081 0
v 30268.191233182533 31400.289939771435 0
v 30268.191233182533 31400.289939771435 20.9
v 30261.38017685388 31405.95131747081 20.9
v 30268.191233182533 31400.289939771435 0
v 30281.679796618493 31389.066701147356 0
v 30281.679796618493 31389.066701147356 20.9
v 30268.191233182533 31400.289939771435 20.9
v 30281.679796618493 31389.066701147356 0
v 30313.58662345478 31426.949907123162 0
v 30313.58662345478 31426.949907123162 20.9
v 30281.679796618493 31389.066701147356 20.9
v 30313.58662345478 31426.949907123162 0
v 30300.098060603497 31438.162086751952 0
v 30300.098060603497 31438.162086751952 20.9
v 30313.58662345478 31426.949907123162 20.9
v 30300.098060603497 31438.162086751952 0
v 30284.917864114817 31450.778553924854 0
v 30284.917864114817 31450.778553924854 20.9
v 30300.098060603497 31438.162086751952 20.9
v 30284.917864114817 31450.778553924854 20.9
v 30252.99990703132 31412.906408554438 20.9
v 30261.38017685388 31405.95131747081 20.9
v 30268.191233182533 31400.289939771435 20.9
v 30281.679796618493 31389.066701147356 20.9
v 30313.58662345478 31426.949907123162 20.9
v 30300.098060603497 31438.162086751952 20.9
v 30300.098060603497 31438.162086751952 0
v 30313.58662345478 31426.949907123162 0
v 30281.679796618493 31389.066701147356 0
v 30268.191233182533 31400.289939771435 0
v 30261.38017685388 31405.95131747081 0
v 30252.99990703132 31412.906408554438 0
v 30284.917864114817 31450.778553924854 0
v 30227.87016133879 31442.330177123236 0
v 30224.308825685064 31445.282497542918 0
v 30224.308825685064 31445.282497542918 20.9
v 30227.87016133879 31442.330177123236 20.9
v 30224.308825685064 31445.282497542918 0
v 30208.772745777467 31426.849546803278 0
v 30208.772745777467 31426.849546803278 20.9
v 30224.308825685064 31445.282497542918 20.9
v 30208.772745777467 31426.849546803278 0
v 30225.299570245337 31413.11628019531 0
v 30225.299570245337 31413.11628019531 20.9
v 30208.772745777467 31426.849546803278 20.9
v 30225.299570245337 31413.11628019531 0
v 30250.073116239633 31392.527439436388 0
v 30250.073116239633 31392.527439436388 20.9
v 30225.299570245337 31413.11628019531 20.9
v 30250.073116239633 31392.527439436388 0
v 30270.372736268975 31375.642822307895 0
v 30270.372736268975 31375.642822307895 20.9
v 30250.073116239633 31392.527439436388 20.9
v 30270.372736268975 31375.642822307895 0
v 30281.679796618493 31389.066701147356 0
v 30281.679796618493 31389.066701147356 20.9
v 30270.372736268975 31375.642822307895 20.9
v 30281.679796618493 31389.066701147356 0
v 30268.191233182533 31400.289939771435 0
v 30268.191233182533 31400.289939771435 20.9
v 30281.679796618493 31389.066701147356 20.9
v 30268.191233182533 31400.289939771435 0
v 30261.38017685388 31405.95131747081 0
v 30261.38017685388 31405.95131747081 20.9
v 30268.191233182533 31400.289939771435 20.9
v 30261.38017685388 31405.95131747081 0
v 30252.99990703132 31412.906408554438 0
v 30252.99990703132 31412.906408554438 20.9
v 30261.38017685388 31405.95131747081 20.9
v 30252.99990703132 31412.906408554438 0
v 30236.606631183713 31426.540157247222 0
v 30236.606631183713 31426.540157247222 20.9
v 30252.99990703132 31412.906408554438 20.9
v 30236.606631183713 31426.540157247222 0
v 30240.824520753587 31431.549231746954 0
v 30240.824520753587 31431.549231746954 20.9
v 30236.606631183713 31426.540157247222 20.9
v 30240.824520753587 31431.549231746954 0
v 30269.659746095396 31465.772380663402 0
v 30269.659746095396 31465.772380663402 20.9
v 30240.824520753587 31431.549231746954 20.9
v 30269.659746095396 31465.772380663402 0
v 30256.69425801293 31476.553324639757 0
v 30256.69425801293 31476.553324639757 20.9
v 30269.659746095396 31465.772380663402 20.9
v 30256.69425801293 31476.553324639757 0
v 30227.87016133879 31442.330177123236 0
v 30227.87016133879 31442.330177123236 20.9
v 30256.69425801293 31476.553324639757 20.9
v 30227.87016133879 31442.330177123236 20.9
v 30224.308825685064 31445.282497542918 20.9
v 30208.772745777467 31426.849546803278 20.9
v 30225.299570245337 31413.11628019531 20.9
v 30250.073116239633 31392.527439436388 20.9
v 30270.372736268975 31375.642822307895 20.9
v 30281.679796618493 31389.066701147356 20.9
v 30268.191233182533 31400.289939771435 20.9
v 30261.38017685388 31405.95131747081 20.9
v 30252.99990703132 31412.906408554438 20.9
v 30236.606631183713 31426.540157247222 20.9
v 30240.824520753587 31431.549231746954 20.9
v 30269.659746095396 31465.772380663402 20.9
v 30256.69425801293 31476.553324639757 20.9
v 30256.69425801293 31476.553324639757 0
v 30269.659746095396 31465.772380663402 0
v 30240.824520753587 31431.549231746954 0
v 30236.606631183713 31426.540157247222 0
v 30252.99990703132 31412.906408554438 0
v 30261.38017685388 31405.95131747081 0
v 30268.191233182533 31400.289939771435 0
v 30281.679796618493 31389.066701147356 0
v 30270.372736268975 31375.642822307895 0
v 30250.073116239633 31392.527439436388 0
v 30225.299570245337 31413.11628019531 0
v 30208.772745777467 31426.849546803278 0
v 30224.308825685064 31445.282497542918 0
v 30227.87016133879 31442.330177123236 0
v 30740.514494580075 32115.625035023782 0
v 30730.29791588662 32124.66995897022 0
v 30730.29791588662 32124.66995897022 6.9
v 30740.514494580075 32115.625035023782 6.9
v 30730.29791588662 32124.66995897022 0
v 30702.108274624545 32093.23325167951 0
v 30702.108274624545 32093.23325167951 6.9
v 30730.29791588662 32124.66995897022 6.9
v 30702.108274624545 32093.23325167951 0
v 30712.32485351761 32084.188326719275 0
v 30712.32485351761 32084.188326719275 6.9
v 30702.108274624545 32093.23325167951 6.9
v 30712.32485351761 32084.188326719275 0
v 30740.514494580075 32115.625035023782 0
v 30740.514494580075 32115.625035023782 6.9
v 30712.32485351761 32084.188326719275 6.9
v 30740.514494580075 32115.625035023782 6.9
v 30730.29791588662 32124.66995897022 6.9
v 30702.108274624545 32093.23325167951 6.9
v 30712.32485351761 32084.188326719275 6.9
v 30712.32485351761 32084.188326719275 0
v 30702.108274624545 32093.23325167951 0
v 30730.29791588662 32124.66995897022 0
v 30740.514494580075 32115.625035023782 0
v 30290.81558744723 31536.651034680137 0
v 30270.03778332782 31509.37204915637 0
v 30270.03778332782 31509.37204915637 57.3
v 30290.81558744723 31536.651034680137 57.3
v 30270.03778332782 31509.37204915637 0
v 30261.00104537254 31498.203915906815 0
v 30261.00104537254 31498.203915906815 57.3
v 30270.03778332782 31509.37204915637 57.3
v 30261.00104537254 31498.203915906815 0
v 30329.089321908807 31443.85693048787 0
v 30329.089321908807 31443.85693048787 57.3
v 30261.00104537254 31498.203915906815 57.3
v 30329.089321908807 31443.85693048787 0
v 30338.126058974798 31455.025065899805 0
v 30338.126058974798 31455.025065899805 57.3
v 30329.089321908807 31443.85693048787 57.3
v 30338.126058974798 31455.025065899805 0
v 30354.685984606218 31476.023369218703 0
v 30354.685984606218 31476.023369218703 57.3
v 30338.126058974798 31455.025065899805 57.3
v 30354.685984606218 31476.023369218703 0
v 30325.75002569084 31512.247451007068 0
v 30325.75002569084 31512.247451007068 57.3
v 30354.685984606218 31476.023369218703 57.3
v 30325.75002569084 31512.247451007068 0
v 30316.668575972602 31525.05194429076 0
v 30316.668575972602 31525.05194429076 57.3
v 30325.75002569084 31512.247451007068 57.3
v 30316.668575972602 31525.05194429076 0
v 30307.56500692694 31521.04905959487 0
v 30307.56500692694 31521.04905959487 57.3
v 30316.668575972602 31525.05194429076 57.3
v 30307.56500692694 31521.04905959487 0
v 30290.81558744723 31536.651034680137 0
v 30290.81558744723 31536.651034680137 57.3
v 30307.56500692694 31521.04905959487 57.3
v 30290.81558744723 31536.651034680137 57.3
v 30270.03778332782 31509.37204915637 57.3
v 30261.00104537254 31498.203915906815 57.3
v 30329.089321908807 31443.85693048787 57.3
v 30338.126058974798 31455.025065899805 57.3
v 30354.685984606218 31476.023369218703 57.3
v 30325.75002569084 31512.247451007068 57.3
v 30316.668575972602 31525.05194429076 57.3
v 30307.56500692694 31521.04905959487 57.3
v 30307.56500692694 31521.04905959487 0
v 30316.668575972602 31525.05194429076 0
v 30325.75002569084 31512.247451007068 0
v 30354.685984606218 31476.023369218703 0
v 30338.126058974798 31455.025065899805 0
v 30329.089321908807 31443.85693048787 0
v 30261.00104537254 31498.203915906815 0
v 30270.03778332782 31509.37204915637 0
v 30290.81558744723 31536.651034680137 0
v 30642.401137030196 32055.968952850235 0
v 30693.595346697806 32008.565997270467 0
v 30693.595346697806 32008.565997270467 4.1
v 30642.401137030196 32055.968952850235 4.1
v 30693.595346697806 32008.565997270467 0
v 30701.98658576165 32017.511584491225 0
v 30701.98658576165 32017.511584491225 4.1
v 30693.595346697806 32008.565997270467 4.1
v 30701.98658576165 32017.511584491225 0
v 30650.803505328982 32064.914538667552 0
v 30650.803505328982 32064.914538667552 4.1
v 30701.98658576165 32017.511584491225 4.1
v 30650.803505328982 32064.914538667552 0
v 30642.401137030196 32055.968952850235 0
v 30642.401137030196 32055.968952850235 4.1
v 30650.803505328982 32064.914538667552 4.1
v 30642.401137030196 32055.968952850235 4.1
v 30693.595346697806 32008.565997270467 4.1
v 30701.98658576165 32017.511584491225 4.1
v 30650.803505328982 32064.914538667552 4.1
v 30650.803505328982 32064.914538667552 0
v 30701.98658576165 32017.511584491225 0
v 30693.595346697806 32008.565997270467 0
v 30642.401137030196 32055.968952850235 0
v 30614.667742168065 32027.639412764758 0
v 30665.85082305941 31980.23645209289 0
v 30665.85082305941 31980.23645209289 46.1
v 30614.667742168065 32027.639412764758 46.1
v 30665.85082305941 31980.23645209289 0
v 30674.253192940294 31989.182038537467 0
v 30674.253192940294 31989.182038537467 46.1
v 30665.85082305941 31980.23645209289 46.1
v 30674.253192940294 31989.182038537467 0
v 30623.07011220591 32036.584997699145 0
v 30623.07011220591 32036.584997699145 46.1
v 30674.253192940294 31989.182038537467 46.1
v 30623.07011220591 32036.584997699145 0
v 30614.667742168065 32027.639412764758 0
v 30614.667742168065 32027.639412764758 46.1
v 30623.07011220591 32036.584997699145 46.1
v 30614.667742168065 32027.639412764758 46.1
v 30665.85082305941 31980.23645209289 46.1
v 30674.253192940294 31989.182038537467 46.1
v 30623.07011220591 32036.584997699145 46.1
v 30623.07011220591 32036.584997699145 0
v 30674.253192940294 31989.182038537467 0
v 30665.85082305941 31980.23645209289 0
v 30614.667742168065 32027.639412764758 0
v 31531.99558438582 31834.718452709352 0
v 31534.82251832795 31823.141299661384 0
v 31534.82251832795 31823.141299661384 46.1
v 31531.99558438582 31834.718452709352 46.1
v 31534.82251832795 31823.141299661384 0
v 31600.984734468733 31839.13126781409 0
v 31600.984734468733 31839.13126781409 46.1
v 31534.82251832795 31823.141299661384 46.1
v 31600.984734468733 31839.13126781409 0
v 31597.97972402992 31851.37186719828 0
v 31597.97972402992 31851.37186719828 46.1
v 31600.984734468733 31839.13126781409 46.1
v 31597.97972402992 31851.37186719828 0
v 31594.151330286426 31850.45404666357 0
v 31594.151330286426 31850.45404666357 46.1
v 31597.97972402992 31851.37186719828 46.1
v 31594.151330286426 31850.45404666357 0
v 31592.96045544408 31855.341440595195 0
v 31592.96045544408 31855.341440595195 46.1
v 31594.151330286426 31850.45404666357 46.1
v 31592.96045544408 31855.341440595195 0
v 31587.01754211582 31853.903891172242 0
v 31587.01754211582 31853.903891172242 46.1
v 31592.96045544408 31855.341440595195 46.1
v 31587.01754211582 31853.903891172242 0
v 31588.23067602162 31848.939095095186 0
v 31588.23067602162 31848.939095095186 46.1
v 31587.01754211582 31853.903891172242 46.1
v 31588.23067602162 31848.939095095186 0
v 31580.028565011704 31846.95970005326 0
v 31580.028565011704 31846.95970005326 46.1
v 31588.23067602162 31848.939095095186 46.1
v 31580.028565011704 31846.95970005326 0
v 31578.693005088226 31852.411024020563 0
v 31578.693005088226 31852.411024020563 46.1
v 31580.028565011704 31846.95970005326 46.1
v 31578.693005088226 31852.411024020563 0
v 31572.716704373655 31850.97347447836 0
v 31572.716704373655 31850.97347447836 46.1
v 31578.693005088226 31852.411024020563 46.1
v 31572.716704373655 31850.97347447836 0
v 31574.07452348731 31845.433690874885 0
v 31574.07452348731 31845.433690874885 46.1
v 31572.716704373655 31850.97347447836 46.1
v 31574.07452348731 31845.433690874885 0
v 31567.953545046297 31843.951909646974 0
v 31567.953545046297 31843.951909646974 46.1
v 31574.07452348731 31845.433690874885 46.1
v 31567.953545046297 31843.951909646974 0
v 31566.540077663507 31849.72389979242 0
v 31566.540077663507 31849.72389979242 46.1
v 31567.953545046297 31843.951909646974 46.1
v 31566.540077663507 31849.72389979242 0
v 31560.352324906195 31848.23106039221 0
v 31560.352324906195 31848.23106039221 46.1
v 31566.540077663507 31849.72389979242 46.1
v 31560.352324906195 31848.23106039221 0
v 31561.93273731164 31841.76245066967 0
v 31561.93273731164 31841.76245066967 46.1
v 31560.352324906195 31848.23106039221 46.1
v 31561.93273731164 31841.76245066967 0
v 31557.258535447047 31840.634527648337 0
v 31557.258535447047 31840.634527648337 46.1
v 31561.93273731164 31841.76245066967 46.1
v 31557.258535447047 31840.634527648337 0
v 31555.81167904971 31846.561322233483 0
v 31555.81167904971 31846.561322233483 46.1
v 31557.258535447047 31840.634527648337 46.1
v 31555.81167904971 31846.561322233483 0
v 31548.844892530782 31844.8804959322 0
v 31548.844892530782 31844.8804959322 46.1
v 31555.81167904971 31846.561322233483 46.1
v 31548.844892530782 31844.8804959322 0
v 31550.26948893488 31839.086390875193 0
v 31550.26948893488 31839.086390875193 46.1
v 31548.844892530782 31844.8804959322 46.1
v 31550.26948893488 31839.086390875193 0
v 31542.468023243266 31837.206519404608 0
v 31542.468023243266 31837.206519404608 46.1
v 31550.26948893488 31839.086390875193 46.1
v 31542.468023243266 31837.206519404608 0
v 31541.355056911663 31841.773247396875 0
v 31541.355056911663 31841.773247396875 46.1
v 31542.468023243266 31837.206519404608 46.1
v 31541.355056911663 31841.773247396875 0
v 31534.19907642833 31840.037131640962 0
v 31534.19907642833 31840.037131640962 46.1
v 31541.355056911663 31841.773247396875 46.1
v 31534.19907642833 31840.037131640962 0
v 31535.312041950023 31835.525691057534 0
v 31535.312041950023 31835.525691057534 46.1
v 31534.19907642833 31840.037131640962 46.1
v 31535.312041950023 31835.525691057534 0
v 31531.99558438582 31834.718452709352 0
v 31531.99558438582 31834.718452709352 46.1
v 31535.312041950023 31835.525691057534 46.1
v 31531.99558438582 31834.718452709352 46.1
v 31534.82251832795 31823.141299661384 46.1
v 31600.984734468733 31839.13126781409 46.1
v 31597.97972402992 31851.37186719828 46.1
v 31594.151330286426 31850.45404666357 46.1
v 31592.96045544408 31855.341440595195 46.1
v 31587.01754211582 31853.903891172242 46.1
v 31588.23067602162 31848.939095095186 46.1
v 31580.028565011704 31846.95970005326 46.1
v 31578.693005088226 31852.411024020563 46.1
v 31572.716704373655 31850.97347447836 46.1
v 31574.07452348731 31845.433690874885 46.1
v 31567.953545046297 31843.951909646974 46.1
v 31566.540077663507 31849.72389979242 46.1
v 31560.352324906195 31848.23106039221 46.1
v 31561.93273731164 31841.76245066967 46.1
v 31557.258535447047 31840.634527648337 46.1
v 31555.81167904971 31846.561322233483 46.1
v 31548.844892530782 31844.8804959322 46.1
v 31550.26948893488 31839.086390875193 46.1
v 31542.468023243266 31837.206519404608 46.1
v 31541.355056911663 31841.773247396875 46.1
v 31534.19907642833 31840.037131640962 46.1
v 31535.312041950023 31835.525691057534 46.1
v 31535.312041950023 31835.525691057534 0
v 31534.19907642833 31840.037131640962 0
v 31541.355056911663 31841.773247396875 0
v 31542.468023243266 31837.206519404608 0
v 31550.26948893488 31839.086390875193 0
v 31548.844892530782 31844.8804959322 0
v 31555.81167904971 31846.561322233483 0
v 31557.258535447047 31840.634527648337 0
v 31561.93273731164 31841.76245066967 0
v 31560.352324906195 31848.23106039221 0
v 31566.540077663507 31849.72389979242 0
v 31567.953545046297 31843.951909646974 0
v 31574.07452348731 31845.433690874885 0
v 31572.716704373655 31850.97347447836 0
v 31578.693005088226 31852.411024020563 0
v 31580.028565011704 31846.95970005326 0
v 31588.23067602162 31848.939095095186 0
v 31587.01754211582 31853.903891172242 0
v 31592.96045544408 31855.341440595195 0
v 31594.151330286426 31850.45404666357 0
v 31597.97972402992 31851.37186719828 0
v 31600.984734468733 31839.13126781409 0
v 31534.82251832795 31823.141299661384 0
v 31531.99558438582 31834.718452709352 0
v 30589.5607905417 32000.802660494774 0
v 30640.743871816554 31953.4107527972 0
v 30640.743871816554 31953.4107527972 46.1
v 30589.5607905417 32000.802660494774 46.1
v 30640.743871816554 31953.4107527972 0
v 30649.14624330567 31962.35633844114 0
v 30649.14624330567 31962.35633844114 46.1
v 30640.743871816554 31953.4107527972 46.1
v 30649.14624330567 31962.35633844114 0
v 30597.963162188607 32009.748244628834 0
v 30597.963162188607 32009.748244628834 46.1
v 30649.14624330567 31962.35633844114 46.1
v 30597.963162188607 32009.748244628834 0
v 30589.5607905417 32000.802660494774 0
v 30589.5607905417 32000.802660494774 46.1
v 30597.963162188607 32009.748244628834 46.1
v 30589.5607905417 32000.802660494774 46.1
v 30640.743871816554 31953.4107527972 46.1
v 30649.14624330567 31962.35633844114 46.1
v 30597.963162188607 32009.748244628834 46.1
v 30597.963162188607 32009.748244628834 0
v 30649.14624330567 31962.35633844114 0
v 30640.743871816554 31953.4107527972 0
v 30589.5607905417 32000.802660494774 0
v 30571.8540081869 32046.270880377124 0
v 30596.282537912684 32024.13401854466 0
v 30596.282537912684 32024.13401854466 15.3
v 30571.8540081869 32046.270880377124 15.3
v 30596.282537912684 32024.13401854466 0
v 30656.846354840207 32090.092492178315 0
v 30656.846354840207 32090.092492178315 15.3
v 30596.282537912684 32024.13401854466 15.3
v 30656.846354840207 32090.092492178315 0
v 30632.40669681721 32112.22934870469 0
v 30632.40669681721 32112.22934870469 15.3
v 30656.846354840207 32090.092492178315 15.3
v 30632.40669681721 32112.22934870469 0
v 30571.8540081869 32046.270880377124 0
v 30571.8540081869 32046.270880377124 15.3
v 30632.40669681721 32112.22934870469 15.3
v 30571.8540081869 32046.270880377124 15.3
v 30596.282537912684 32024.13401854466 15.3
v 30656.846354840207 32090.092492178315 15.3
v 30632.40669681721 32112.22934870469 15.3
v 30632.40669681721 32112.22934870469 0
v 30656.846354840207 32090.092492178315 0
v 30596.282537912684 32024.13401854466 0
v 30571.8540081869 32046.270880377124 0
v 29064.651677902053 29782.69449336933 0
v 29029.839801345213 29740.1341109033 0
v 29029.839801345213 29740.1341109033 26.5
v 29064.651677902053 29782.69449336933 26.5
v 29089.68125824161 29760.093091551327 0
v 29090.872073523507 29761.541626466387 0
v 29090.872073523507 29761.541626466387 26.5
v 29089.68125824161 29760.093091551327 26.5
v 29090.872073523507 29761.541626466387 0
v 29075.068608801717 29774.290844963463 0
v 29075.068608801717 29774.290844963463 26.5
v 29090.872073523507 29761.541626466387 26.5
v 29075.068608801717 29774.290844963463 0
v 29064.651677902053 29782.69449336933 0
v 29064.651677902053 29782.69449336933 26.5
v 29075.068608801717 29774.290844963463 26.5
v 29064.651677902053 29782.69449336933 26.5
v 29089.68125824161 29760.093091551327 26.5
v 29090.872073523507 29761.541626466387 26.5
v 29075.068608801717 29774.290844963463 26.5
v 29075.068608801717 29774.290844963463 0
v 29090.872073523507 29761.541626466387 0
v 29089.68125824161 29760.093091551327 0
v 29029.839801345213 29740.1341109033 0
v 29064.651677902053 29782.69449336933 0
v 29008.082281189425 29739.525871448168 0
v 29013.74700242017 29746.54739363511 0
v 29013.74700242017 29746.54739363511 18.1
v 29008.082281189425 29739.525871448168 18.1
v 29013.74700242017 29746.54739363511 0
v 29017.586548377316 29751.224722889696 0
v 29017.586548377316 29751.224722889696 18.1
v 29013.74700242017 29746.54739363511 18.1
v 29017.586548377316 29751.224722889696 0
v 29025.49935141602 29760.85581949367 0
v 29025.49935141602 29760.85581949367 18.1
v 29017.586548377316 29751.224722889696 18.1
v 29025.49935141602 29760.85581949367 0
v 29028.98276118291 29766.21871161078 0
v 29028.98276118291 29766.21871161078 18.1
v 29025.49935141602 29760.85581949367 18.1
v 29028.98276118291 29766.21871161078 0
v 29030.30710881564 29772.620999410978 0
v 29030.30710881564 29772.620999410978 18.1
v 29028.98276118291 29766.21871161078 18.1
v 29030.30710881564 29772.620999410978 0
v 29030.05111530686 29778.890591694413 0
v 29030.05111530686 29778.890591694413 18.1
v 29030.30710881564 29772.620999410978 18.1
v 29030.05111530686 29778.890591694413 0
v 29027.190896926088 29785.19334702239 0
v 29027.190896926088 29785.19334702239 18.1
v 29030.05111530686 29778.890591694413 18.1
v 29013.74700242017 29746.54739363511 18.1
v 29017.586548377316 29751.224722889696 18.1
v 29025.49935141602 29760.85581949367 18.1
v 29028.98276118291 29766.21871161078 18.1
v 29030.30710881564 29772.620999410978 18.1
v 29030.05111530686 29778.890591694413 18.1
v 29008.071031441425 29773.582920878056 18.1
v 29027.190896926088 29785.19334702239 0
v 29030.05111530686 29778.890591694413 0
v 29030.30710881564 29772.620999410978 0
v 29028.98276118291 29766.21871161078 0
v 29025.49935141602 29760.85581949367 0
v 29017.586548377316 29751.224722889696 0
v 29301.46993763589 29620.68122745821 0
v 29292.27731423352 29604.625719467538 0
v 29292.27731423352 29604.625719467538 57.3
v 29301.46993763589 29620.68122745821 57.3
v 29292.27731423352 29604.625719467538 0
v 29297.652718500678 29601.59599340177 0
v 29297.652718500678 29601.59599340177 57.3
v 29292.27731423352 29604.625719467538 57.3
v 29297.652718500678 29601.59599340177 0
v 29306.845341697946 29617.651501564604 0
v 29306.845341697946 29617.651501564604 57.3
v 29297.652718500678 29601.59599340177 57.3
v 29306.845341697946 29617.651501564604 0
v 29301.46993763589 29620.68122745821 0
v 29301.46993763589 29620.68122745821 57.3
v 29306.845341697946 29617.651501564604 57.3
v 29301.46993763589 29620.68122745821 57.3
v 29292.27731423352 29604.625719467538 57.3
v 29297.652718500678 29601.59599340177 57.3
v 29306.845341697946 29617.651501564604 57.3
v 29306.845341697946 29617.651501564604 0
v 29297.652718500678 29601.59599340177 0
v 29292.27731423352 29604.625719467538 0
v 29301.46993763589 29620.68122745821 0
v 31509.324895848244 31893.776204994363 0
v 31512.88638878261 31878.93710230051 0
v 31512.88638878261 31878.93710230051 4.1
v 31509.324895848244 31893.776204994363 4.1
v 31512.88638878261 31878.93710230051 0
v 31590.478130937307 31897.359858990938 0
v 31590.478130937307 31897.359858990938 4.1
v 31512.88638878261 31878.93710230051 4.1
v 31590.478130937307 31897.359858990938 0
v 31587.94056483818 31907.897611512934 0
v 31587.94056483818 31907.897611512934 4.1
v 31590.478130937307 31897.359858990938 4.1
v 31587.94056483818 31907.897611512934 0
v 31583.032653989136 31906.725455085398 0
v 31583.032653989136 31906.725455085398 4.1
v 31587.94056483818 31907.897611512934 4.1
v 31583.032653989136 31906.725455085398 0
v 31581.997594217213 31911.026804259076 0
v 31581.997594217213 31911.026804259076 4.1
v 31583.032653989136 31906.725455085398 4.1
v 31581.997594217213 31911.026804259076 0
v 31509.324895848244 31893.776204994363 0
v 31509.324895848244 31893.776204994363 4.1
v 31581.997594217213 31911.026804259076 4.1
v 31509.324895848244 31893.776204994363 4.1
v 31512.88638878261 31878.93710230051 4.1
v 31590.478130937307 31897.359858990938 4.1
v 31587.94056483818 31907.897611512934 4.1
v 31583.032653989136 31906.725455085398 4.1
v 31581.997594217213 31911.026804259076 4.1
v 31581.997594217213 31911.026804259076 0
v 31583.032653989136 31906.725455085398 0
v 31587.94056483818 31907.897611512934 0
v 31590.478130937307 31897.359858990938 0
v 31512.88638878261 31878.93710230051 0
v 31509.324895848244 31893.776204994363 0
v 31086.652987007583 31933.16905410119 0
v 31070.482208090376 31953.481479038215 0
v 31070.482208090376 31953.481479038215 71.3
v 31086.652987007583 31933.16905410119 71.3
v 31070.482208090376 31953.481479038215 0
v 31049.025523008408 31936.618577780915 0
v 31049.025523008408 31936.618577780915 71.3
v 31070.482208090376 31953.481479038215 71.3
v 31049.025523008408 31936.618577780915 0
v 31065.18517220801 31916.306151519846 0
v 31065.18517220801 31916.306151519846 71.3
v 31049.025523008408 31936.618577780915 71.3
v 31065.18517220801 31916.306151519846 0
v 31086.652987007583 31933.16905410119 0
v 31086.652987007583 31933.16905410119 71.3
v 31065.18517220801 31916.306151519846 71.3
v 31086.652987007583 31933.16905410119 71.3
v 31070.482208090376 31953.481479038215 71.3
v 31049.025523008408 31936.618577780915 71.3
v 31065.18517220801 31916.306151519846 71.3
v 31065.18517220801 31916.306151519846 0
v 31049.025523008408 31936.618577780915 0
v 31070.482208090376 31953.481479038215 0
v 31086.652987007583 31933.16905410119 0
v 31061.04535494423 31897.862218874085 0
v 31071.228380983506 31905.64680076549 0
v 31071.228380983506 31905.64680076549 6.9
v 31061.04535494423 31897.862218874085 6.9
v 31071.228380983506 31905.64680076549 0
v 31064.35051047418 31914.52588707055 0
v 31064.35051047418 31914.52588707055 6.9
v 31071.228380983506 31905.64680076549 6.9
v 31064.35051047418 31914.52588707055 0
v 31054.16748457997 31906.74130542152 0
v 31054.16748457997 31906.74130542152 6.9
v 31064.35051047418 31914.52588707055 6.9
v 31054.16748457997 31906.74130542152 0
v 31061.04535494423 31897.862218874085 0
v 31061.04535494423 31897.862218874085 6.9
v 31054.16748457997 31906.74130542152 6.9
v 31061.04535494423 31897.862218874085 6.9
v 31071.228380983506 31905.64680076549 6.9
v 31064.35051047418 31914.52588707055 6.9
v 31054.16748457997 31906.74130542152 6.9
v 31054.16748457997 31906.74130542152 0
v 31064.35051047418 31914.52588707055 0
v 31071.228380983506 31905.64680076549 0
v 31061.04535494423 31897.862218874085 0
v 31158.524730041157 31921.570551910925 0
v 31165.858890319036 31913.17800241721 0
v 31165.858890319036 31913.17800241721 57.3
v 31158.524730041157 31921.570551910925 57.3
v 31165.858890319036 31913.17800241721 0
v 31161.04004431694 31909.02033306874 0
v 31161.04004431694 31909.02033306874 57.3
v 31165.858890319036 31913.17800241721 57.3
v 31161.04004431694 31909.02033306874 0
v 31163.37718198311 31906.344447708565 0
v 31163.37718198311 31906.344447708565 57.3
v 31161.04004431694 31909.02033306874 57.3
v 31163.37718198311 31906.344447708565 0
v 31191.433325161634 31930.538546492757 0
v 31191.433325161634 31930.538546492757 57.3
v 31163.37718198311 31906.344447708565 57.3
v 31191.433325161634 31930.538546492757 0
v 31200.214285904756 31920.48739137785 0
v 31200.214285904756 31920.48739137785 57.3
v 31191.433325161634 31930.538546492757 57.3
v 31200.214285904756 31920.48739137785 0
v 31219.411763294112 31937.04066877336 0
v 31219.411763294112 31937.04066877336 57.3
v 31200.214285904756 31920.48739137785 57.3
v 31219.411763294112 31937.04066877336 0
v 31224.06378080507 31931.722071225042 0
v 31224.06378080507 31931.722071225042 57.3
v 31219.411763294112 31937.04066877336 57.3
v 31224.06378080507 31931.722071225042 0
v 31227.75859941741 31934.90666991817 0
v 31227.75859941741 31934.90666991817 57.3
v 31224.06378080507 31931.722071225042 57.3
v 31227.75859941741 31934.90666991817 0
v 31214.32562078334 31950.28747930908 0
v 31214.32562078334 31950.28747930908 57.3
v 31227.75859941741 31934.90666991817 57.3
v 31214.32562078334 31950.28747930908 0
v 31194.08202064249 31932.82747640302 0
v 31194.08202064249 31932.82747640302 57.3
v 31214.32562078334 31950.28747930908 57.3
v 31194.08202064249 31932.82747640302 0
v 31184.399593312563 31943.895910220424 0
v 31184.399593312563 31943.895910220424 57.3
v 31194.08202064249 31932.82747640302 57.3
v 31184.399593312563 31943.895910220424 0
v 31158.524730041157 31921.570551910925 0
v 31158.524730041157 31921.570551910925 57.3
v 31184.399593312563 31943.895910220424 57.3
v 31158.524730041157 31921.570551910925 57.3
v 31165.858890319036 31913.17800241721 57.3
v 31161.04004431694 31909.02033306874 57.3
v 31163.37718198311 31906.344447708565 57.3
v 31191.433325161634 31930.538546492757 57.3
v 31200.214285904756 31920.48739137785 57.3
v 31219.411763294112 31937.04066877336 57.3
v 31224.06378080507 31931.722071225042 57.3
v 31227.75859941741 31934.90666991817 57.3
v 31214.32562078334 31950.28747930908 57.3
v 31194.08202064249 31932.82747640302 57.3
v 31184.399593312563 31943.895910220424 57.3
v 31184.399593312563 31943.895910220424 0
v 31194.08202064249 31932.82747640302 0
v 31214.32562078334 31950.28747930908 0
v 31227.75859941741 31934.90666991817 0
v 31224.06378080507 31931.722071225042 0
v 31219.411763294112 31937.04066877336 0
v 31200.214285904756 31920.48739137785 0
v 31191.433325161634 31930.538546492757 0
v 31163.37718198311 31906.344447708565 0
v 31161.04004431694 31909.02033306874 0
v 31165.858890319036 31913.17800241721 0
v 31158.524730041157 31921.570551910925 0
v 31186.55920745542 31893.584370949186 0
v 31187.39393238259 31889.74743261575 0
v 31187.39393238259 31889.74743261575 9.7
v 31186.55920745542 31893.584370949186 9.7
v 31187.39393238259 31889.74743261575 0
v 31190.120587017464 31887.19318425646 0
v 31190.120587017464 31887.19318425646 9.7
v 31187.39393238259 31889.74743261575 9.7
v 31190.120587017464 31887.19318425646 0
v 31194.260608658748 31886.983139177246 0
v 31194.260608658748 31886.983139177246 9.7
v 31190.120587017464 31887.19318425646 9.7
v 31194.260608658748 31886.983139177246 0
v 31231.498461433453 31892.3906770924 0
v 31231.498461433453 31892.3906770924 9.7
v 31194.260608658748 31886.983139177246 9.7
v 31231.498461433453 31892.3906770924 0
v 31235.171040327798 31894.016170000315 0
v 31235.171040327798 31894.016170000315 9.7
v 31231.498461433453 31892.3906770924 9.7
v 31235.171040327798 31894.016170000315 0
v 31238.008918477037 31897.322391270616 0
v 31238.008918477037 31897.322391270616 9.7
v 31235.171040327798 31894.016170000315 9.7
v 31238.008918477037 31897.322391270616 0
v 31239.077267936864 31901.004546652937 0
v 31239.077267936864 31901.004546652937 9.7
v 31238.008918477037 31897.322391270616 9.7
v 31239.077267936864 31901.004546652937 0
v 31237.886396199243 31906.17943661175 0
v 31237.886396199243 31906.17943661175 9.7
v 31239.077267936864 31901.004546652937 9.7
v 31237.886396199243 31906.17943661175 0
v 31223.140147260347 31924.74478655347 0
v 31223.140147260347 31924.74478655347 9.7
v 31237.886396199243 31906.17943661175 9.7
v 31223.140147260347 31924.74478655347 0
v 31188.64030685162 31897.034330425315 0
v 31188.64030685162 31897.034330425315 9.7
v 31223.140147260347 31924.74478655347 9.7
v 31188.64030685162 31897.034330425315 0
v 31186.55920745542 31893.584370949186 0
v 31186.55920745542 31893.584370949186 9.7
v 31188.64030685162 31897.034330425315 9.7
v 31186.55920745542 31893.584370949186 9.7
v 31187.39393238259 31889.74743261575 9.7
v 31190.120587017464 31887.19318425646 9.7
v 31194.260608658748 31886.983139177246 9.7
v 31231.498461433453 31892.3906770924 9.7
v 31235.171040327798 31894.016170000315 9.7
v 31238.008918477037 31897.322391270616 9.7
v 31239.077267936864 31901.004546652937 9.7
v 31237.886396199243 31906.17943661175 9.7
v 31223.140147260347 31924.74478655347 9.7
v 31188.64030685162 31897.034330425315 9.7
v 31188.64030685162 31897.034330425315 0
v 31223.140147260347 31924.74478655347 0
v 31237.886396199243 31906.17943661175 0
v 31239.077267936864 31901.004546652937 0
v 31238.008918477037 31897.322391270616 0
v 31235.171040327798 31894.016170000315 0
v 31231.498461433453 31892.3906770924 0
v 31194.260608658748 31886.983139177246 0
v 31190.120587017464 31887.19318425646 0
v 31187.39393238259 31889.74743261575 0
v 31186.55920745542 31893.584370949186 0
v 31239.054246808606 31966.984569018023 0
v 31230.262365140912 31958.98990463377 0
v 31230.262365140912 31958.98990463377 46.1
v 31239.054246808606 31966.984569018023 46.1
v 31230.262365140912 31958.98990463377 0
v 31281.913086910095 31903.006450233002 0
v 31281.913086910095 31903.006450233002 46.1
v 31230.262365140912 31958.98990463377 46.1
v 31281.913086910095 31903.006450233002 0
v 31290.693839719508 31911.01217355647 0
v 31290.693839719508 31911.01217355647 46.1
v 31281.913086910095 31903.006450233002 46.1
v 31290.693839719508 31911.01217355647 0
v 31239.054246808606 31966.984569018023 0
v 31239.054246808606 31966.984569018023 46.1
v 31290.693839719508 31911.01217355647 46.1
v 31239.054246808606 31966.984569018023 46.1
v 31230.262365140912 31958.98990463377 46.1
v 31281.913086910095 31903.006450233002 46.1
v 31290.693839719508 31911.01217355647 46.1
v 31290.693839719508 31911.01217355647 0
v 31281.913086910095 31903.006450233002 0
v 31230.262365140912 31958.98990463377 0
v 31239.054246808606 31966.984569018023 0
v 31275.635405285873 31978.130941084844 0
v 31266.84352512484 31970.12521802707 0
v 31266.84352512484 31970.12521802707 46.1
v 31275.635405285873 31978.130941084844 46.1
v 31266.84352512484 31970.12521802707 0
v 31318.494252227378 31914.15282769763 0
v 31318.494252227378 31914.15282769763 46.1
v 31266.84352512484 31970.12521802707 46.1
v 31318.494252227378 31914.15282769763 0
v 31327.27500379025 31922.147494719902 0
v 31327.27500379025 31922.147494719902 46.1
v 31318.494252227378 31914.15282769763 46.1
v 31327.27500379025 31922.147494719902 0
v 31275.635405285873 31978.130941084844 0
v 31275.635405285873 31978.130941084844 46.1
v 31327.27500379025 31922.147494719902 46.1
v 31275.635405285873 31978.130941084844 46.1
v 31266.84352512484 31970.12521802707 46.1
v 31318.494252227378 31914.15282769763 46.1
v 31327.27500379025 31922.147494719902 46.1
v 31327.27500379025 31922.147494719902 0
v 31318.494252227378 31914.15282769763 0
v 31266.84352512484 31970.12521802707 0
v 31275.635405285873 31978.130941084844 0
v 31308.176612393185 31997.105970847624 0
v 31299.384733748167 31989.100246721908 0
v 31299.384733748167 31989.100246721908 46.1
v 31308.176612393185 31997.105970847624 46.1
v 31299.384733748167 31989.100246721908 0
v 31351.024334998776 31933.127862118 0
v 31351.024334998776 31933.127862118 46.1
v 31299.384733748167 31989.100246721908 46.1
v 31351.024334998776 31933.127862118 0
v 31359.816214133327 31941.12253034013 0
v 31359.816214133327 31941.12253034013 46.1
v 31351.024334998776 31933.127862118 46.1
v 31359.816214133327 31941.12253034013 0
v 31308.176612393185 31997.105970847624 0
v 31308.176612393185 31997.105970847624 46.1
v 31359.816214133327 31941.12253034013 46.1
v 31308.176612393185 31997.105970847624 46.1
v 31299.384733748167 31989.100246721908 46.1
v 31351.024334998776 31933.127862118 46.1
v 31359.816214133327 31941.12253034013 46.1
v 31359.816214133327 31941.12253034013 0
v 31351.024334998776 31933.127862118 0
v 31299.384733748167 31989.100246721908 0
v 31308.176612393185 31997.105970847624 0
v 31468.9380049163 31848.948650654198 0
v 31472.510625160263 31834.12060515742 0
v 31472.510625160263 31834.12060515742 46.1
v 31468.9380049163 31848.948650654198 46.1
v 31472.510625160263 31834.12060515742 0
v 31550.091253238388 31852.532292607055 0
v 31550.091253238388 31852.532292607055 46.1
v 31472.510625160263 31834.12060515742 46.1
v 31550.091253238388 31852.532292607055 0
v 31547.564817388513 31863.07004557421 0
v 31547.564817388513 31863.07004557421 46.1
v 31550.091253238388 31852.532292607055 46.1
v 31547.564817388513 31863.07004557421 0
v 31542.64577651267 31861.89788974094 0
v 31542.64577651267 31861.89788974094 46.1
v 31547.564817388513 31863.07004557421 46.1
v 31542.64577651267 31861.89788974094 0
v 31541.621846300968 31866.199239179386 0
v 31541.621846300968 31866.199239179386 46.1
v 31542.64577651267 31861.89788974094 46.1
v 31541.621846300968 31866.199239179386 0
v 31468.9380049163 31848.948650654198 0
v 31468.9380049163 31848.948650654198 46.1
v 31541.621846300968 31866.199239179386 46.1
v 31468.9380049163 31848.948650654198 46.1
v 31472.510625160263 31834.12060515742 46.1
v 31550.091253238388 31852.532292607055 46.1
v 31547.564817388513 31863.07004557421 46.1
v 31542.64577651267 31861.89788974094 46.1
v 31541.621846300968 31866.199239179386 46.1
v 31541.621846300968 31866.199239179386 0
v 31542.64577651267 31861.89788974094 0
v 31547.564817388513 31863.07004557421 0
v 31550.091253238388 31852.532292607055 0
v 31472.510625160263 31834.12060515742 0
v 31468.9380049163 31848.948650654198 0
v 29344.55042204398 29735.292245460063 0
v 29343.081383383884 29732.859592114284 0
v 29343.081383383884 29732.859592114284 51.7
v 29344.55042204398 29735.292245460063 51.7
v 29343.081383383884 29732.859592114284 0
v 29336.05893303917 29721.238143723436 0
v 29336.05893303917 29721.238143723436 51.7
v 29343.081383383884 29732.859592114284 51.7
v 29336.05893303917 29721.238143723436 0
v 29327.57848325843 29726.291374086577 0
v 29327.57848325843 29726.291374086577 51.7
v 29336.05893303917 29721.238143723436 51.7
v 29327.57848325843 29726.291374086577 0
v 29301.202554569198 29682.61419190382 0
v 29301.202554569198 29682.61419190382 51.7
v 29327.57848325843 29726.291374086577 51.7
v 29301.202554569198 29682.61419190382 0
v 29288.94943054711 29662.312596259122 0
v 29288.94943054711 29662.312596259122 51.7
v 29301.202554569198 29682.61419190382 51.7
v 29288.94943054711 29662.312596259122 0
v 29331.129104432497 29637.179130024066 0
v 29331.129104432497 29637.179130024066 51.7
v 29288.94943054711 29662.312596259122 51.7
v 29331.129104432497 29637.179130024066 0
v 29341.579314960683 29654.4951983909 0
v 29341.579314960683 29654.4951983909 51.7
v 29331.129104432497 29637.179130024066 51.7
v 29341.579314960683 29654.4951983909 0
v 29364.40530959242 29640.89460196927 0
v 29364.40530959242 29640.89460196927 51.7
v 29341.579314960683 29654.4951983909 51.7
v 29364.40530959242 29640.89460196927 0
v 29365.718541322123 29643.08399001974 0
v 29365.718541322123 29643.08399001974 51.7
v 29364.40530959242 29640.89460196927 51.7
v 29365.718541322123 29643.08399001974 0
v 29379.16261911253 29635.06737917386 0
v 29379.16261911253 29635.06737917386 51.7
v 29365.718541322123 29643.08399001974 51.7
v 29379.16261911253 29635.06737917386 0
v 29367.88885791303 29616.39123499681 0
v 29367.88885791303 29616.39123499681 51.7
v 29379.16261911253 29635.06737917386 51.7
v 29367.88885791303 29616.39123499681 0
v 29399.084019389018 29597.80375655386 0
v 29399.084019389018 29597.80375655386 51.7
v 29367.88885791303 29616.39123499681 51.7
v 29399.084019389018 29597.80375655386 0
v 29408.476964638598 29613.350624786537 0
v 29408.476964638598 29613.350624786537 51.7
v 29399.084019389018 29597.80375655386 51.7
v 29408.476964638598 29613.350624786537 0
v 29427.385485199004 29602.083143096206 0
v 29427.385485199004 29602.083143096206 51.7
v 29408.476964638598 29613.350624786537 51.7
v 29427.385485199004 29602.083143096206 0
v 29464.623380785888 29663.761975909452 0
v 29464.623380785888 29663.761975909452 51.7
v 29427.385485199004 29602.083143096206 51.7
v 29464.623380785888 29663.761975909452 0
v 29392.795504747064 29706.55407732571 0
v 29392.795504747064 29706.55407732571 51.7
v 29464.623380785888 29663.761975909452 51.7
v 29392.795504747064 29706.55407732571 0
v 29353.698623833516 29729.840949361773 0
v 29353.698623833516 29729.840949361773 51.7
v 29392.795504747064 29706.55407732571 51.7
v 29353.698623833516 29729.840949361773 0
v 29344.55042204398 29735.292245460063 0
v 29344.55042204398 29735.292245460063 51.7
v 29353.698623833516 29729.840949361773 51.7
v 29377.148153821232 29652.692998326827 0
v 29380.019457480077 29657.326097868623 0
v 29380.019457480077 29657.326097868623 51.7
v 29377.148153821232 29652.692998326827 51.7
v 29380.019457480077 29657.326097868623 0
v 29389.379117673798 29651.675769236826 0
v 29389.379117673798 29651.675769236826 51.7
v 29380.019457480077 29657.326097868623 51.7
v 29389.379117673798 29651.675769236826 0
v 29380.742948730123 29637.699067931928 0
v 29380.742948730123 29637.699067931928 51.7
v 29389.379117673798 29651.675769236826 51.7
v 29380.742948730123 29637.699067931928 0
v 29368.255981710052 29645.30655640601 0
v 29368.255981710052 29645.30655640601 51.7
v 29380.742948730123 29637.699067931928 51.7
v 29368.255981710052 29645.30655640601 0
v 29374.031976510214 29654.65015787885 0
v 29374.031976510214 29654.65015787885 51.7
v 29368.255981710052 29645.30655640601 51.7
v 29374.031976510214 29654.65015787885 0
v 29377.148153821232 29652.692998326827 0
v 29377.148153821232 29652.692998326827 51.7
v 29374.031976510214 29654.65015787885 51.7
v 29398.927728458322 29696.038440413366 0
v 29411.425821898418 29688.70739041912 0
v 29411.425821898418 29688.70739041912 51.7
v 29398.927728458322 29696.038440413366 51.7
v 29411.425821898418 29688.70739041912 0
v 29393.463490269885 29658.454026663043 0
v 29393.463490269885 29658.454026663043 51.7
v 29411.425821898418 29688.70739041912 51.7
v 29393.463490269885 29658.454026663043 0
v 29383.925763432995 29664.115411779996 0
v 29383.925763432995 29664.115411779996 51.7
v 29393.463490269885 29658.454026663043 51.7
v 29383.925763432995 29664.115411779996 0
v 29396.32355702211 29684.99200144367 0
v 29396.32355702211 29684.99200144367 51.7
v 29383.925763432995 29664.115411779996 51.7
v 29396.32355702211 29684.99200144367 0
v 29393.352060594654 29686.65060943694 0
v 29393.352060594654 29686.65060943694 51.7
v 29396.32355702211 29684.99200144367 51.7
v 29393.352060594654 29686.65060943694 0
v 29398.927728458322 29696.038440413366 0
v 29398.927728458322 29696.038440413366 51.7
v 29393.352060594654 29686.65060943694 51.7
v 29344.55042204398 29735.292245460063 51.7
v 29343.081383383884 29732.859592114284 51.7
v 29336.05893303917 29721.238143723436 51.7
v 29327.57848325843 29726.291374086577 51.7
v 29301.202554569198 29682.61419190382 51.7
v 29288.94943054711 29662.312596259122 51.7
v 29331.129104432497 29637.179130024066 51.7
v 29341.579314960683 29654.4951983909 51.7
v 29364.40530959242 29640.89460196927 51.7
v 29365.718541322123 29643.08399001974 51.7
v 29379.16261911253 29635.06737917386 51.7
v 29367.88885791303 29616.39123499681 51.7
v 29399.084019389018 29597.80375655386 51.7
v 29408.476964638598 29613.350624786537 51.7
v 29427.385485199004 29602.083143096206 51.7
v 29464.623380785888 29663.761975909452 51.7
v 29392.795504747064 29706.55407732571 51.7
v 29353.698623833516 29729.840949361773 51.7
v 29377.148153821232 29652.692998326827 51.7
v 29380.019457480077 29657.326097868623 51.7
v 29389.379117673798 29651.675769236826 51.7
v 29380.742948730123 29637.699067931928 51.7
v 29368.255981710052 29645.30655640601 51.7
v 29374.031976510214 29654.65015787885 51.7
v 29398.927728458322 29696.038440413366 51.7
v 29411.425821898418 29688.70739041912 51.7
v 29393.463490269885 29658.454026663043 51.7
v 29383.925763432995 29664.115411779996 51.7
v 29396.32355702211 29684.99200144367 51.7
v 29393.352060594654 29686.65060943694 51.7
v 29353.698623833516 29729.840949361773 0
v 29392.795504747064 29706.55407732571 0
v 29464.623380785888 29663.761975909452 0
v 29427.385485199004 29602.083143096206 0
v 29408.476964638598 29613.350624786537 0
v 29399.084019389018 29597.80375655386 0
v 29367.88885791303 29616.39123499681 0
v 29379.16261911253 29635.06737917386 0
v 29365.718541322123 29643.08399001974 0
v 29364.40530959242 29640.89460196927 0
v 29341.579314960683 29654.4951983909 0
v 29331.129104432497 29637.179130024066 0
v 29288.94943054711 29662.312596259122 0
v 29301.202554569198 29682.61419190382 0
v 29327.57848325843 29726.291374086577 0
v 29336.05893303917 29721.238143723436 0
v 29343.081383383884 29732.859592114284 0
v 29344.55042204398 29735.292245460063 0
v 29374.031976510214 29654.65015787885 0
v 29368.255981710052 29645.30655640601 0
v 29380.742948730123 29637.699067931928 0
v 29389.379117673798 29651.675769236826 0
v 29380.019457480077 29657.326097868623 0
v 29377.148153821232 29652.692998326827 0
v 29393.352060594654 29686.65060943694 0
v 29396.32355702211 29684.99200144367 0
v 29383.925763432995 29664.115411779996 0
v 29393.463490269885 29658.454026663043 0
v 29411.425821898418 29688.70739041912 0
v 29398.927728458322 29696.038440413366 0
v 29350.1594792495 29744.42575353908 0
v 29359.051709948813 29738.985513880867 0
v 29359.051709948813 29738.985513880867 51.7
v 29350.1594792495 29744.42575353908 51.7
v 29359.051709948813 29738.985513880867 0
v 29397.770200498522 29715.256341367916 0
v 29397.770200498522 29715.256341367916 51.7
v 29359.051709948813 29738.985513880867 51.7
v 29397.770200498522 29715.256341367916 0
v 29407.02969674677 29709.583897849894 0
v 29407.02969674677 29709.583897849894 51.7
v 29397.770200498522 29715.256341367916 51.7
v 29407.02969674677 29709.583897849894 0
v 29418.815391107015 29728.713403146707 0
v 29418.815391107015 29728.713403146707 51.7
v 29407.02969674677 29709.583897849894 51.7
v 29418.815391107015 29728.713403146707 0
v 29421.252676359985 29729.222059556567 0
v 29421.252676359985 29729.222059556567 51.7
v 29418.815391107015 29728.713403146707 51.7
v 29421.252676359985 29729.222059556567 0
v 29422.076227830774 29730.61530661743 0
v 29422.076227830774 29730.61530661743 51.7
v 29421.252676359985 29729.222059556567 51.7
v 29422.076227830774 29730.61530661743 0
v 29421.60879195209 29732.78257109 0
v 29421.60879195209 29732.78257109 51.7
v 29422.076227830774 29730.61530661743 51.7
v 29421.60879195209 29732.78257109 0
v 29432.849158512927 29751.248625272143 0
v 29432.849158512927 29751.248625272143 51.7
v 29421.60879195209 29732.78257109 51.7
v 29432.849158512927 29751.248625272143 0
v 29374.042484169593 29783.414555426883 0
v 29374.042484169593 29783.414555426883 51.7
v 29432.849158512927 29751.248625272143 51.7
v 29374.042484169593 29783.414555426883 0
v 29350.1594792495 29744.42575353908 0
v 29350.1594792495 29744.42575353908 51.7
v 29374.042484169593 29783.414555426883 51.7
v 29350.1594792495 29744.42575353908 51.7
v 29359.051709948813 29738.985513880867 51.7
v 29397.770200498522 29715.256341367916 51.7
v 29407.02969674677 29709.583897849894 51.7
v 29418.815391107015 29728.713403146707 51.7
v 29421.252676359985 29729.222059556567 51.7
v 29422.076227830774 29730.61530661743 51.7
v 29421.60879195209 29732.78257109 51.7
v 29432.849158512927 29751.248625272143 51.7
v 29374.042484169593 29783.414555426883 51.7
v 29374.042484169593 29783.414555426883 0
v 29432.849158512927 29751.248625272143 0
v 29421.60879195209 29732.78257109 0
v 29422.076227830774 29730.61530661743 0
v 29421.252676359985 29729.222059556567 0
v 29418.815391107015 29728.713403146707 0
v 29407.02969674677 29709.583897849894 0
v 29397.770200498522 29715.256341367916 0
v 29359.051709948813 29738.985513880867 0
v 29350.1594792495 29744.42575353908 0
v 31425.612926939528 31811.894479814917 0
v 31428.25068029543 31798.83562028463 0
v 31428.25068029543 31798.83562028463 46.1
v 31425.612926939528 31811.894479814917 46.1
v 31428.25068029543 31798.83562028463 0
v 31471.55385389242 31807.460992780296 0
v 31471.55385389242 31807.460992780296 46.1
v 31428.25068029543 31798.83562028463 46.1
v 31471.55385389242 31807.460992780296 0
v 31472.06582341142 31804.917777173316 0
v 31472.06582341142 31804.917777173316 46.1
v 31471.55385389242 31807.460992780296 46.1
v 31472.06582341142 31804.917777173316 0
v 31479.46664836161 31806.388514663922 0
v 31479.46664836161 31806.388514663922 46.1
v 31472.06582341142 31804.917777173316 46.1
v 31479.46664836161 31806.388514663922 0
v 31478.7098244493 31810.092763327953 0
v 31478.7098244493 31810.092763327953 46.1
v 31479.46664836161 31806.388514663922 46.1
v 31478.7098244493 31810.092763327953 0
v 31495.99325418564 31813.53185670978 0
v 31495.99325418564 31813.53185670978 46.1
v 31478.7098244493 31810.092763327953 46.1
v 31495.99325418564 31813.53185670978 0
v 31493.589222932715 31825.440739978145 0
v 31493.589222932715 31825.440739978145 46.1
v 31495.99325418564 31813.53185670978 46.1
v 31493.589222932715 31825.440739978145 0
v 31425.612926939528 31811.894479814917 0
v 31425.612926939528 31811.894479814917 46.1
v 31493.589222932715 31825.440739978145 46.1
v 31425.612926939528 31811.894479814917 46.1
v 31428.25068029543 31798.83562028463 46.1
v 31471.55385389242 31807.460992780296 46.1
v 31472.06582341142 31804.917777173316 46.1
v 31479.46664836161 31806.388514663922 46.1
v 31478.7098244493 31810.092763327953 46.1
v 31495.99325418564 31813.53185670978 46.1
v 31493.589222932715 31825.440739978145 46.1
v 31493.589222932715 31825.440739978145 0
v 31495.99325418564 31813.53185670978 0
v 31478.7098244493 31810.092763327953 0
v 31479.46664836161 31806.388514663922 0
v 31472.06582341142 31804.917777173316 0
v 31471.55385389242 31807.460992780296 0
v 31428.25068029543 31798.83562028463 0
v 31425.612926939528 31811.894479814917 0
v 30340.558466801776 32038.141598732647 0
v 30364.319169273494 32023.656491699476 0
v 30364.319169273494 32023.656491699476 71.3
v 30340.558466801776 32038.141598732647 71.3
v 30364.319169273494 32023.656491699476 0
v 30371.69764687797 32035.58758152486 0
v 30371.69764687797 32035.58758152486 71.3
v 30364.319169273494 32023.656491699476 71.3
v 30371.69764687797 32035.58758152486 0
v 30379.0761240359 32047.496556593378 0
v 30379.0761240359 32047.496556593378 71.3
v 30371.69764687797 32035.58758152486 71.3
v 30379.0761240359 32047.496556593378 0
v 30355.337680750523 32062.003777536855 0
v 30355.337680750523 32062.003777536855 71.3
v 30379.0761240359 32047.496556593378 71.3
v 30355.337680750523 32062.003777536855 0
v 30340.558466801776 32038.141598732647 0
v 30340.558466801776 32038.141598732647 71.3
v 30355.337680750523 32062.003777536855 71.3
v 30340.558466801776 32038.141598732647 71.3
v 30364.319169273494 32023.656491699476 71.3
v 30371.69764687797 32035.58758152486 71.3
v 30379.0761240359 32047.496556593378 71.3
v 30355.337680750523 32062.003777536855 71.3
v 30355.337680750523 32062.003777536855 0
v 30379.0761240359 32047.496556593378 0
v 30371.69764687797 32035.58758152486 0
v 30364.319169273494 32023.656491699476 0
v 30340.558466801776 32038.141598732647 0
v 30462.444145659916 32035.488847621098 0
v 30431.7054708381 32054.21996035316 0
v 30431.7054708381 32054.21996035316 71.3
v 30462.444145659916 32035.488847621098 71.3
v 30431.7054708381 32054.21996035316 0
v 30423.33652246782 32040.663409850647 0
v 30423.33652246782 32040.663409850647 71.3
v 30431.7054708381 32054.21996035316 71.3
v 30423.33652246782 32040.663409850647 0
v 30443.012835739944 32028.677265960185 0
v 30443.012835739944 32028.677265960185 71.3
v 30423.33652246782 32040.663409850647 71.3
v 30443.012835739944 32028.677265960185 0
v 30426.608805174874 32002.128099294237 0
v 30426.608805174874 32002.128099294237 71.3
v 30443.012835739944 32028.677265960185 71.3
v 30426.608805174874 32002.128099294237 0
v 30371.69764687797 32035.58758152486 0
v 30371.69764687797 32035.58758152486 71.3
v 30426.608805174874 32002.128099294237 71.3
v 30371.69764687797 32035.58758152486 0
v 30364.319169273494 32023.656491699476 0
v 30364.319169273494 32023.656491699476 71.3
v 30371.69764687797 32035.58758152486 71.3
v 30364.319169273494 32023.656491699476 0
v 30423.303593727185 31987.686993914474 0
v 30423.303593727185 31987.686993914474 71.3
v 30364.319169273494 32023.656491699476 71.3
v 30423.303593727185 31987.686993914474 0
v 30430.30382142555 31983.452037426177 0
v 30430.30382142555 31983.452037426177 71.3
v 30423.303593727185 31987.686993914474 71.3
v 30430.30382142555 31983.452037426177 0
v 30462.444145659916 32035.488847621098 0
v 30462.444145659916 32035.488847621098 71.3
v 30430.30382142555 31983.452037426177 71.3
v 30462.444145659916 32035.488847621098 71.3
v 30431.7054708381 32054.21996035316 71.3
v 30423.33652246782 32040.663409850647 71.3
v 30443.012835739944 32028.677265960185 71.3
v 30426.608805174874 32002.128099294237 71.3
v 30371.69764687797 32035.58758152486 71.3
v 30364.319169273494 32023.656491699476 71.3
v 30423.303593727185 31987.686993914474 71.3
v 30430.30382142555 31983.452037426177 71.3
v 30430.30382142555 31983.452037426177 0
v 30423.303593727185 31987.686993914474 0
v 30364.319169273494 32023.656491699476 0
v 30371.69764687797 32035.58758152486 0
v 30426.608805174874 32002.128099294237 0
v 30443.012835739944 32028.677265960185 0
v 30423.33652246782 32040.663409850647 0
v 30431.7054708381 32054.21996035316 0
v 30462.444145659916 32035.488847621098 0
v 30399.664259832345 32124.080880969224 0
v 30432.083424551605 32104.266145747028 0
v 30432.083424551605 32104.266145747028 23.7
v 30399.664259832345 32124.080880969224 23.7
v 30432.083424551605 32104.266145747028 0
v 30409.513974897214 32067.798361355126 0
v 30409.513974897214 32067.798361355126 23.7
v 30432.083424551605 32104.266145747028 23.7
v 30409.513974897214 32067.798361355126 0
v 30420.175686223018 32061.285594035828 0
v 30420.175686223018 32061.285594035828 23.7
v 30409.513974897214 32067.798361355126 23.7
v 30420.175686223018 32061.285594035828 0
v 30442.75626411629 32097.753379382622 0
v 30442.75626411629 32097.753379382622 23.7
v 30420.175686223018 32061.285594035828 23.7
v 30442.75626411629 32097.753379382622 0
v 30461.163853143808 32086.508077272985 0
v 30461.163853143808 32086.508077272985 23.7
v 30442.75626411629 32097.753379382622 23.7
v 30461.163853143808 32086.508077272985 0
v 30448.3767260923 32065.85258105155 0
v 30448.3767260923 32065.85258105155 23.7
v 30461.163853143808 32086.508077272985 23.7
v 30448.3767260923 32065.85258105155 0
v 30460.318289126582 32058.5547449309 0
v 30460.318289126582 32058.5547449309 23.7
v 30448.3767260923 32065.85258105155 23.7
v 30460.318289126582 32058.5547449309 0
v 30473.10541555204 32079.22129918279 0
v 30473.10541555204 32079.22129918279 23.7
v 30460.318289126582 32058.5547449309 23.7
v 30473.10541555204 32079.22129918279 0
v 30479.326479878335 32089.27260912666 0
v 30479.326479878335 32089.27260912666 23.7
v 30473.10541555204 32079.22129918279 23.7
v 30479.326479878335 32089.27260912666 0
v 30405.89645481898 32134.1321893798 0
v 30405.89645481898 32134.1321893798 23.7
v 30479.326479878335 32089.27260912666 23.7
v 30405.89645481898 32134.1321893798 0
v 30399.664259832345 32124.080880969224 0
v 30399.664259832345 32124.080880969224 23.7
v 30405.89645481898 32134.1321893798 23.7
v 30399.664259832345 32124.080880969224 23.7
v 30432.083424551605 32104.266145747028 23.7
v 30409.513974897214 32067.798361355126 23.7
v 30420.175686223018 32061.285594035828 23.7
v 30442.75626411629 32097.753379382622 23.7
v 30461.163853143808 32086.508077272985 23.7
v 30448.3767260923 32065.85258105155 23.7
v 30460.318289126582 32058.5547449309 23.7
v 30473.10541555204 32079.22129918279 23.7
v 30479.326479878335 32089.27260912666 23.7
v 30405.89645481898 32134.1321893798 23.7
v 30405.89645481898 32134.1321893798 0
v 30479.326479878335 32089.27260912666 0
v 30473.10541555204 32079.22129918279 0
v 30460.318289126582 32058.5547449309 0
v 30448.3767260923 32065.85258105155 0
v 30461.163853143808 32086.508077272985 0
v 30442.75626411629 32097.753379382622 0
v 30420.175686223018 32061.285594035828 0
v 30409.513974897214 32067.798361355126 0
v 30432.083424551605 32104.266145747028 0
v 30399.664259832345 32124.080880969224 0
v 30454.318968616113 32143.863197812163 0
v 30468.764584398556 32134.93993357645 0
v 30468.764584398556 32134.93993357645 37.7
v 30454.318968616113 32143.863197812163 37.7
v 30468.764584398556 32134.93993357645 0
v 30489.04146838423 32167.3164328397 0
v 30489.04146838423 32167.3164328397 37.7
v 30468.764584398556 32134.93993357645 37.7
v 30489.04146838423 32167.3164328397 0
v 30506.681142432135 32156.77880600253 0
v 30506.681142432135 32156.77880600253 37.7
v 30489.04146838423 32167.3164328397 37.7
v 30506.681142432135 32156.77880600253 0
v 30486.05926762103 32123.362898696178 0
v 30486.05926762103 32123.362898696178 37.7
v 30506.681142432135 32156.77880600253 37.7
v 30486.05926762103 32123.362898696178 0
v 30497.778246270504 32116.23092448501 0
v 30497.778246270504 32116.23092448501 37.7
v 30486.05926762103 32123.362898696178 37.7
v 30497.778246270504 32116.23092448501 0
v 30518.40012023529 32149.64683265365 0
v 30518.40012023529 32149.64683265365 37.7
v 30497.778246270504 32116.23092448501 37.7
v 30518.40012023529 32149.64683265365 0
v 30527.036158534702 32163.19233116942 0
v 30527.036158534702 32163.19233116942 37.7
v 30518.40012023529 32149.64683265365 37.7
v 30527.036158534702 32163.19233116942 0
v 30483.3543091999 32190.205378760576 0
v 30483.3543091999 32190.205378760576 37.7
v 30527.036158534702 32163.19233116942 37.7
v 30483.3543091999 32190.205378760576 0
v 30454.318968616113 32143.863197812163 0
v 30454.318968616113 32143.863197812163 37.7
v 30483.3543091999 32190.205378760576 37.7
v 30454.318968616113 32143.863197812163 37.7
v 30468.764584398556 32134.93993357645 37.7
v 30489.04146838423 32167.3164328397 37.7
v 30506.681142432135 32156.77880600253 37.7
v 30486.05926762103 32123.362898696178 37.7
v 30497.778246270504 32116.23092448501 37.7
v 30518.40012023529 32149.64683265365 37.7
v 30527.036158534702 32163.19233116942 37.7
v 30483.3543091999 32190.205378760576 37.7
v 30483.3543091999 32190.205378760576 0
v 30527.036158534702 32163.19233116942 0
v 30518.40012023529 32149.64683265365 0
v 30497.778246270504 32116.23092448501 0
v 30486.05926762103 32123.362898696178 0
v 30506.681142432135 32156.77880600253 0
v 30489.04146838423 32167.3164328397 0
v 30468.764584398556 32134.93993357645 0
v 30454.318968616113 32143.863197812163 0
v 30457.000556549552 32202.91019764188 0
v 30427.965212996933 32156.56801944044 0
v 30427.965212996933 32156.56801944044 12.5
v 30457.000556549552 32202.91019764188 12.5
v 30427.965212996933 32156.56801944044 0
v 30454.318968616113 32143.863197812163 0
v 30454.318968616113 32143.863197812163 12.5
v 30427.965212996933 32156.56801944044 12.5
v 30454.318968616113 32143.863197812163 0
v 30483.3543091999 32190.205378760576 0
v 30483.3543091999 32190.205378760576 12.5
v 30454.318968616113 32143.863197812163 12.5
v 30483.3543091999 32190.205378760576 0
v 30457.000556549552 32202.91019764188 0
v 30457.000556549552 32202.91019764188 12.5
v 30483.3543091999 32190.205378760576 12.5
v 30457.000556549552 32202.91019764188 12.5
v 30427.965212996933 32156.56801944044 12.5
v 30454.318968616113 32143.863197812163 12.5
v 30483.3543091999 32190.205378760576 12.5
v 30483.3543091999 32190.205378760576 0
v 30454.318968616113 32143.863197812163 0
v 30427.965212996933 32156.56801944044 0
v 30457.000556549552 32202.91019764188 0
v 30453.461236845622 32234.26919751562 0
v 30431.125070488473 32248.488929688345 0
v 30431.125070488473 32248.488929688345 71.3
v 30453.461236845622 32234.26919751562 71.3
v 30431.125070488473 32248.488929688345 0
v 30417.325209806804 32227.103631663544 0
v 30417.325209806804 32227.103631663544 71.3
v 30431.125070488473 32248.488929688345 71.3
v 30417.325209806804 32227.103631663544 0
v 30427.541752404268 32220.601918286644 0
v 30427.541752404268 32220.601918286644 71.3
v 30417.325209806804 32227.103631663544 71.3
v 30427.541752404268 32220.601918286644 0
v 30439.661377132943 32212.88389839262 0
v 30439.661377132943 32212.88389839262 71.3
v 30427.541752404268 32220.601918286644 71.3
v 30439.661377132943 32212.88389839262 0
v 30453.461236845622 32234.26919751562 0
v 30453.461236845622 32234.26919751562 71.3
v 30439.661377132943 32212.88389839262 71.3
v 30453.461236845622 32234.26919751562 71.3
v 30431.125070488473 32248.488929688345 71.3
v 30417.325209806804 32227.103631663544 71.3
v 30427.541752404268 32220.601918286644 71.3
v 30439.661377132943 32212.88389839262 71.3
v 30439.661377132943 32212.88389839262 0
v 30427.541752404268 32220.601918286644 0
v 30417.325209806804 32227.103631663544 0
v 30431.125070488473 32248.488929688345 0
v 30453.461236845622 32234.26919751562 0
v 30402.5239358222 32181.83415564126 0
v 30375.624824129976 32198.96197192009 0
v 30375.624824129976 32198.96197192009 29.3
v 30402.5239358222 32181.83415564126 29.3
v 30375.624824129976 32198.96197192009 0
v 30419.6285807146 32267.142809229485 0
v 30419.6285807146 32267.142809229485 29.3
v 30375.624824129976 32198.96197192009 29.3
v 30419.6285807146 32267.142809229485 0
v 30408.91122916519 32273.965185670506 0
v 30408.91122916519 32273.965185670506 29.3
v 30419.6285807146 32267.142809229485 29.3
v 30408.91122916519 32273.965185670506 0
v 30357.139481256567 32193.742682034463 0
v 30357.139481256567 32193.742682034463 29.3
v 30408.91122916519 32273.965185670506 29.3
v 30357.139481256567 32193.742682034463 0
v 30406.875572881163 32162.074465285237 0
v 30406.875572881163 32162.074465285237 29.3
v 30357.139481256567 32193.742682034463 29.3
v 30406.875572881163 32162.074465285237 0
v 30428.231975219616 32195.21393595325 0
v 30428.231975219616 32195.21393595325 29.3
v 30406.875572881163 32162.074465285237 29.3
v 30428.231975219616 32195.21393595325 0
v 30439.661377132943 32212.88389839262 0
v 30439.661377132943 32212.88389839262 29.3
v 30428.231975219616 32195.21393595325 29.3
v 30439.661377132943 32212.88389839262 0
v 30427.541752404268 32220.601918286644 0
v 30427.541752404268 32220.601918286644 29.3
v 30439.661377132943 32212.88389839262 29.3
v 30427.541752404268 32220.601918286644 0
v 30415.166377411384 32203.11992543414 0
v 30415.166377411384 32203.11992543414 29.3
v 30427.541752404268 32220.601918286644 29.3
v 30415.166377411384 32203.11992543414 0
v 30402.5239358222 32181.83415564126 0
v 30402.5239358222 32181.83415564126 29.3
v 30415.166377411384 32203.11992543414 29.3
v 30402.5239358222 32181.83415564126 29.3
v 30375.624824129976 32198.96197192009 29.3
v 30419.6285807146 32267.142809229485 29.3
v 30408.91122916519 32273.965185670506 29.3
v 30357.139481256567 32193.742682034463 29.3
v 30406.875572881163 32162.074465285237 29.3
v 30428.231975219616 32195.21393595325 29.3
v 30439.661377132943 32212.88389839262 29.3
v 30427.541752404268 32220.601918286644 29.3
v 30415.166377411384 32203.11992543414 29.3
v 30415.166377411384 32203.11992543414 0
v 30427.541752404268 32220.601918286644 0
v 30439.661377132943 32212.88389839262 0
v 30428.231975219616 32195.21393595325 0
v 30406.875572881163 32162.074465285237 0
v 30357.139481256567 32193.742682034463 0
v 30408.91122916519 32273.965185670506 0
v 30419.6285807146 32267.142809229485 0
v 30375.624824129976 32198.96197192009 0
v 30402.5239358222 32181.83415564126 0
v 30445.603704770056 32281.009123076263 0
v 30422.811248276048 32295.51634654242 0
v 30422.811248276048 32295.51634654242 71.3
v 30445.603704770056 32281.009123076263 71.3
v 30422.811248276048 32295.51634654242 0
v 30408.91122916519 32273.965185670506 0
v 30408.91122916519 32273.965185670506 71.3
v 30422.811248276048 32295.51634654242 71.3
v 30408.91122916519 32273.965185670506 0
v 30419.6285807146 32267.142809229485 0
v 30419.6285807146 32267.142809229485 71.3
v 30408.91122916519 32273.965185670506 71.3
v 30419.6285807146 32267.142809229485 0
v 30431.692557591145 32259.45796097842 0
v 30431.692557591145 32259.45796097842 71.3
v 30419.6285807146 32267.142809229485 71.3
v 30431.692557591145 32259.45796097842 0
v 30445.603704770056 32281.009123076263 0
v 30445.603704770056 32281.009123076263 71.3
v 30431.692557591145 32259.45796097842 71.3
v 30445.603704770056 32281.009123076263 71.3
v 30422.811248276048 32295.51634654242 71.3
v 30408.91122916519 32273.965185670506 71.3
v 30419.6285807146 32267.142809229485 71.3
v 30431.692557591145 32259.45796097842 71.3
v 30431.692557591145 32259.45796097842 0
v 30419.6285807146 32267.142809229485 0
v 30408.91122916519 32273.965185670506 0
v 30422.811248276048 32295.51634654242 0
v 30445.603704770056 32281.009123076263 0
v 30583.504565779447 32218.03797908258 0
v 30595.813126730987 32238.593960186685 0
v 30595.813126730987 32238.593960186685 71.3
v 30583.504565779447 32218.03797908258 71.3
v 30595.813126730987 32238.593960186685 0
v 30573.755190993008 32251.619475139316 0
v 30573.755190993008 32251.619475139316 71.3
v 30595.813126730987 32238.593960186685 71.3
v 30573.755190993008 32251.619475139316 0
v 30561.446629026806 32231.06349500628 0
v 30561.446629026806 32231.06349500628 71.3
v 30573.755190993008 32251.619475139316 71.3
v 30561.446629026806 32231.06349500628 0
v 30583.504565779447 32218.03797908258 0
v 30583.504565779447 32218.03797908258 71.3
v 30561.446629026806 32231.06349500628 71.3
v 30583.504565779447 32218.03797908258 71.3
v 30595.813126730987 32238.593960186685 71.3
v 30573.755190993008 32251.619475139316 71.3
v 30561.446629026806 32231.06349500628 71.3
v 30561.446629026806 32231.06349500628 0
v 30573.755190993008 32251.619475139316 0
v 30595.813126730987 32238.593960186685 0
v 30583.504565779447 32218.03797908258 0
v 29846.49367953903 32119.12293018581 0
v 29842.142262398855 32111.41583391432 0
v 29842.142262398855 32111.41583391432 65.7
v 29846.49367953903 32119.12293018581 65.7
v 29842.142262398855 32111.41583391432 0
v 29845.158251186207 32109.945208172478 0
v 29845.158251186207 32109.945208172478 65.7
v 29842.142262398855 32111.41583391432 65.7
v 29845.158251186207 32109.945208172478 0
v 29847.595518657046 32109.912051794097 0
v 29847.595518657046 32109.912051794097 65.7
v 29845.158251186207 32109.945208172478 65.7
v 29847.595518657046 32109.912051794097 0
v 29847.15037816562 32106.506343233945 0
v 29847.15037816562 32106.506343233945 65.7
v 29847.595518657046 32109.912051794097 65.7
v 29847.15037816562 32106.506343233945 0
v 29850.366690811803 32104.96937395515 0
v 29850.366690811803 32104.96937395515 65.7
v 29847.15037816562 32106.506343233945 65.7
v 29850.366690811803 32104.96937395515 0
v 29858.468653821463 32105.44489952508 0
v 29858.468653821463 32105.44489952508 65.7
v 29850.366690811803 32104.96937395515 65.7
v 29858.468653821463 32105.44489952508 0
v 29857.767508848323 32107.446299798186 0
v 29857.767508848323 32107.446299798186 65.7
v 29858.468653821463 32105.44489952508 65.7
v 29857.767508848323 32107.446299798186 0
v 29866.158810308592 32110.531394160622 0
v 29866.158810308592 32110.531394160622 65.7
v 29857.767508848323 32107.446299798186 65.7
v 29866.158810308592 32110.531394160622 0
v 29867.17157251003 32108.06558158282 0
v 29867.17157251003 32108.06558158282 65.7
v 29866.158810308592 32110.531394160622 65.7
v 29867.17157251003 32108.06558158282 0
v 29873.23690356745 32110.221831844003 0
v 29873.23690356745 32110.221831844003 65.7
v 29867.17157251003 32108.06558158282 65.7
v 29873.23690356745 32110.221831844003 0
v 29872.61366091132 32112.389094890164 0
v 29872.61366091132 32112.389094890164 65.7
v 29873.23690356745 32110.221831844003 65.7
v 29872.61366091132 32112.389094890164 0
v 29877.354636695567 32113.848714778924 0
v 29877.354636695567 32113.848714778924 65.7
v 29872.61366091132 32112.389094890164 65.7
v 29877.354636695567 32113.848714778924 0
v 29875.484902084478 32121.33462013442 0
v 29875.484902084478 32121.33462013442 65.7
v 29877.354636695567 32113.848714778924 65.7
v 29875.484902084478 32121.33462013442 0
v 29879.213135038084 32122.340876353985 0
v 29879.213135038084 32122.340876353985 65.7
v 29875.484902084478 32121.33462013442 65.7
v 29879.213135038084 32122.340876353985 0
v 29880.693317969908 32119.941411876163 0
v 29880.693317969908 32119.941411876163 65.7
v 29879.213135038084 32122.340876353985 65.7
v 29880.693317969908 32119.941411876163 0
v 29886.51380897085 32122.10871827238 0
v 29886.51380897085 32122.10871827238 65.7
v 29880.693317969908 32119.941411876163 65.7
v 29886.51380897085 32122.10871827238 0
v 29886.602813456448 32126.277391025935 0
v 29886.602813456448 32126.277391025935 65.7
v 29886.51380897085 32122.10871827238 65.7
v 29886.602813456448 32126.277391025935 0
v 29889.474126907426 32124.430810266334 0
v 29889.474126907426 32124.430810266334 65.7
v 29886.602813456448 32126.277391025935 65.7
v 29889.474126907426 32124.430810266334 0
v 29894.137179052006 32128.820663662143 0
v 29894.137179052006 32128.820663662143 65.7
v 29889.474126907426 32124.430810266334 65.7
v 29894.137179052006 32128.820663662143 0
v 29887.303878418574 32136.162788080317 0
v 29887.303878418574 32136.162788080317 65.7
v 29894.137179052006 32128.820663662143 65.7
v 29887.303878418574 32136.162788080317 0
v 29878.823528815523 32135.54351180504 0
v 29878.823528815523 32135.54351180504 65.7
v 29887.303878418574 32136.162788080317 65.7
v 29878.823528815523 32135.54351180504 0
v 29878.678862815083 32133.763255616286 0
v 29878.678862815083 32133.763255616286 65.7
v 29878.823528815523 32135.54351180504 65.7
v 29878.678862815083 32133.763255616286 0
v 29867.950446445295 32132.2261932655 0
v 29867.950446445295 32132.2261932655 65.7
v 29878.678862815083 32133.763255616286 65.7
v 29867.950446445295 32132.2261932655 0
v 29868.028387086793 32126.664278421787 0
v 29868.028387086793 32126.664278421787 65.7
v 29867.950446445295 32132.2261932655 65.7
v 29868.028387086793 32126.664278421787 0
v 29871.44501629008 32126.122484445077 0
v 29871.44501629008 32126.122484445077 65.7
v 29868.028387086793 32126.664278421787 65.7
v 29871.44501629008 32126.122484445077 0
v 29871.28922678311 32123.50185926602 0
v 29871.28922678311 32123.50185926602 65.7
v 29871.44501629008 32126.122484445077 65.7
v 29871.28922678311 32123.50185926602 0
v 29854.896159091044 32114.77739383345 0
v 29854.896159091044 32114.77739383345 65.7
v 29871.28922678311 32123.50185926602 65.7
v 29854.896159091044 32114.77739383345 0
v 29846.49367953903 32119.12293018581 0
v 29846.49367953903 32119.12293018581 65.7
v 29854.896159091044 32114.77739383345 65.7
v 29846.49367953903 32119.12293018581 65.7
v 29842.142262398855 32111.41583391432 65.7
v 29845.158251186207 32109.945208172478 65.7
v 29847.595518657046 32109.912051794097 65.7
v 29847.15037816562 32106.506343233945 65.7
v 29850.366690811803 32104.96937395515 65.7
v 29858.468653821463 32105.44489952508 65.7
v 29857.767508848323 32107.446299798186 65.7
v 29866.158810308592 32110.531394160622 65.7
v 29867.17157251003 32108.06558158282 65.7
v 29873.23690356745 32110.221831844003 65.7
v 29872.61366091132 32112.389094890164 65.7
v 29877.354636695567 32113.848714778924 65.7
v 29875.484902084478 32121.33462013442 65.7
v 29879.213135038084 32122.340876353985 65.7
v 29880.693317969908 32119.941411876163 65.7
v 29886.51380897085 32122.10871827238 65.7
v 29886.602813456448 32126.277391025935 65.7
v 29889.474126907426 32124.430810266334 65.7
v 29894.137179052006 32128.820663662143 65.7
v 29887.303878418574 32136.162788080317 65.7
v 29878.823528815523 32135.54351180504 65.7
v 29878.678862815083 32133.763255616286 65.7
v 29867.950446445295 32132.2261932655 65.7
v 29868.028387086793 32126.664278421787 65.7
v 29871.44501629008 32126.122484445077 65.7
v 29871.28922678311 32123.50185926602 65.7
v 29854.896159091044 32114.77739383345 65.7
v 29854.896159091044 32114.77739383345 0
v 29871.28922678311 32123.50185926602 0
v 29871.44501629008 32126.122484445077 0
v 29868.028387086793 32126.664278421787 0
v 29867.950446445295 32132.2261932655 0
v 29878.678862815083 32133.763255616286 0
v 29878.823528815523 32135.54351180504 0
v 29887.303878418574 32136.162788080317 0
v 29894.137179052006 32128.820663662143 0
v 29889.474126907426 32124.430810266334 0
v 29886.602813456448 32126.277391025935 0
v 29886.51380897085 32122.10871827238 0
v 29880.693317969908 32119.941411876163 0
v 29879.213135038084 32122.340876353985 0
v 29875.484902084478 32121.33462013442 0
v 29877.354636695567 32113.848714778924 0
v 29872.61366091132 32112.389094890164 0
v 29873.23690356745 32110.221831844003 0
v 29867.17157251003 32108.06558158282 0
v 29866.158810308592 32110.531394160622 0
v 29857.767508848323 32107.446299798186 0
v 29858.468653821463 32105.44489952508 0
v 29850.366690811803 32104.96937395515 0
v 29847.15037816562 32106.506343233945 0
v 29847.595518657046 32109.912051794097 0
v 29845.158251186207 32109.945208172478 0
v 29842.142262398855 32111.41583391432 0
v 29846.49367953903 32119.12293018581 0
v 29847.15037816562 32106.506343233945 0
v 29838.814776309373 32095.117077996485 0
v 29838.814776309373 32095.117077996485 71.3
v 29847.15037816562 32106.506343233945 71.3
v 29838.814776309373 32095.117077996485 0
v 29845.34757098575 32090.904218910204 0
v 29845.34757098575 32090.904218910204 71.3
v 29838.814776309373 32095.117077996485 71.3
v 29845.34757098575 32090.904218910204 0
v 29836.433270229652 32077.4472001128 0
v 29836.433270229652 32077.4472001128 71.3
v 29845.34757098575 32090.904218910204 71.3
v 29836.433270229652 32077.4472001128 0
v 29838.113838529913 32065.58252893099 0
v 29838.113838529913 32065.58252893099 71.3
v 29836.433270229652 32077.4472001128 71.3
v 29838.113838529913 32065.58252893099 0
v 29851.869434644417 32056.780860925443 0
v 29851.869434644417 32056.780860925443 71.3
v 29838.113838529913 32065.58252893099 71.3
v 29851.869434644417 32056.780860925443 0
v 29858.090528573164 32065.781695546626 0
v 29858.090528573164 32065.781695546626 71.3
v 29851.869434644417 32056.780860925443 71.3
v 29858.090528573164 32065.781695546626 0
v 29849.75480932439 32072.040177284125 0
v 29849.75480932439 32072.040177284125 71.3
v 29858.090528573164 32065.781695546626 71.3
v 29849.75480932439 32072.040177284125 0
v 29849.754763220964 32079.017450798914 0
v 29849.754763220964 32079.017450798914 71.3
v 29849.75480932439 32072.040177284125 71.3
v 29849.754763220964 32079.017450798914 0
v 29858.03471849834 32090.594693237537 0
v 29858.03471849834 32090.594693237537 71.3
v 29849.754763220964 32079.017450798914 71.3
v 29858.03471849834 32090.594693237537 0
v 29845.61462059121 32098.213218767436 0
v 29845.61462059121 32098.213218767436 71.3
v 29858.03471849834 32090.594693237537 71.3
v 29845.61462059121 32098.213218767436 0
v 29850.366690811803 32104.96937395515 0
v 29850.366690811803 32104.96937395515 71.3
v 29845.61462059121 32098.213218767436 71.3
v 29850.366690811803 32104.96937395515 0
v 29847.15037816562 32106.506343233945 0
v 29847.15037816562 32106.506343233945 71.3
v 29850.366690811803 32104.96937395515 71.3
v 29847.15037816562 32106.506343233945 71.3
v 29838.814776309373 32095.117077996485 71.3
v 29845.34757098575 32090.904218910204 71.3
v 29836.433270229652 32077.4472001128 71.3
v 29838.113838529913 32065.58252893099 71.3
v 29851.869434644417 32056.780860925443 71.3
v 29858.090528573164 32065.781695546626 71.3
v 29849.75480932439 32072.040177284125 71.3
v 29849.754763220964 32079.017450798914 71.3
v 29858.03471849834 32090.594693237537 71.3
v 29845.61462059121 32098.213218767436 71.3
v 29850.366690811803 32104.96937395515 71.3
v 29850.366690811803 32104.96937395515 0
v 29845.61462059121 32098.213218767436 0
v 29858.03471849834 32090.594693237537 0
v 29849.754763220964 32079.017450798914 0
v 29849.75480932439 32072.040177284125 0
v 29858.090528573164 32065.781695546626 0
v 29851.869434644417 32056.780860925443 0
v 29838.113838529913 32065.58252893099 0
v 29836.433270229652 32077.4472001128 0
v 29845.34757098575 32090.904218910204 0
v 29838.814776309373 32095.117077996485 0
v 29847.15037816562 32106.506343233945 0
v 29927.792474222075 31986.94229336213 0
v 29945.999630952872 31989.352951155604 0
v 29945.999630952872 31989.352951155604 60.1
v 29927.792474222075 31986.94229336213 60.1
v 29945.999630952872 31989.352951155604 0
v 29946.233275534152 31998.862390520422 0
v 29946.233275534152 31998.862390520422 60.1
v 29945.999630952872 31989.352951155604 60.1
v 29946.233275534152 31998.862390520422 0
v 29961.480115881375 31998.497599854625 0
v 29961.480115881375 31998.497599854625 60.1
v 29946.233275534152 31998.862390520422 60.1
v 29961.480115881375 31998.497599854625 0
v 29970.817452746564 31992.836232694062 0
v 29970.817452746564 31992.836232694062 60.1
v 29961.480115881375 31998.497599854625 60.1
v 29970.817452746564 31992.836232694062 0
v 29976.849344221264 32002.655322561764 0
v 29976.849344221264 32002.655322561764 60.1
v 29970.817452746564 31992.836232694062 60.1
v 29976.849344221264 32002.655322561764 0
v 29965.38634459514 32009.599342945767 0
v 29965.38634459514 32009.599342945767 60.1
v 29976.849344221264 32002.655322561764 60.1
v 29965.38634459514 32009.599342945767 0
v 29963.20506207727 32007.199853235026 0
v 29963.20506207727 32007.199853235026 60.1
v 29965.38634459514 32009.599342945767 60.1
v 29963.20506207727 32007.199853235026 0
v 29949.149015422412 32010.174218724864 0
v 29949.149015422412 32010.174218724864 60.1
v 29963.20506207727 32007.199853235026 60.1
v 29949.149015422412 32010.174218724864 0
v 29948.77061175964 32012.330425814813 0
v 29948.77061175964 32012.330425814813 60.1
v 29949.149015422412 32010.174218724864 60.1
v 29948.77061175964 32012.330425814813 0
v 29936.617673189612 32010.196246760417 0
v 29936.617673189612 32010.196246760417 60.1
v 29948.77061175964 32012.330425814813 60.1
v 29936.617673189612 32010.196246760417 0
v 29937.32999752897 32001.04065348586 0
v 29937.32999752897 32001.04065348586 60.1
v 29936.617673189612 32010.196246760417 60.1
v 29937.32999752897 32001.04065348586 0
v 29933.10094988141 32000.719957178106 0
v 29933.10094988141 32000.719957178106 60.1
v 29937.32999752897 32001.04065348586 60.1
v 29933.10094988141 32000.719957178106 0
v 29932.96738933849 32002.40069408946 0
v 29932.96738933849 32002.40069408946 60.1
v 29933.10094988141 32000.719957178106 60.1
v 29932.96738933849 32002.40069408946 0
v 29927.569789146983 32001.98047243085 0
v 29927.569789146983 32001.98047243085 60.1
v 29932.96738933849 32002.40069408946 60.1
v 29927.569789146983 32001.98047243085 0
v 29925.043473497066 32004.136664774844 0
v 29925.043473497066 32004.136664774844 60.1
v 29927.569789146983 32001.98047243085 60.1
v 29925.043473497066 32004.136664774844 0
v 29917.475760181373 31995.368026673015 0
v 29917.475760181373 31995.368026673015 60.1
v 29925.043473497066 32004.136664774844 60.1
v 29917.475760181373 31995.368026673015 0
v 29927.792474222075 31986.94229336213 0
v 29927.792474222075 31986.94229336213 60.1
v 29917.475760181373 31995.368026673015 60.1
v 29927.792474222075 31986.94229336213 60.1
v 29945.999630952872 31989.352951155604 60.1
v 29946.233275534152 31998.862390520422 60.1
v 29961.480115881375 31998.497599854625 60.1
v 29970.817452746564 31992.836232694062 60.1
v 29976.849344221264 32002.655322561764 60.1
v 29965.38634459514 32009.599342945767 60.1
v 29963.20506207727 32007.199853235026 60.1
v 29949.149015422412 32010.174218724864 60.1
v 29948.77061175964 32012.330425814813 60.1
v 29936.617673189612 32010.196246760417 60.1
v 29937.32999752897 32001.04065348586 60.1
v 29933.10094988141 32000.719957178106 60.1
v 29932.96738933849 32002.40069408946 60.1
v 29927.569789146983 32001.98047243085 60.1
v 29925.043473497066 32004.136664774844 60.1
v 29917.475760181373 31995.368026673015 60.1
v 29917.475760181373 31995.368026673015 0
v 29925.043473497066 32004.136664774844 0
v 29927.569789146983 32001.98047243085 0
v 29932.96738933849 32002.40069408946 0
v 29933.10094988141 32000.719957178106 0
v 29937.32999752897 32001.04065348586 0
v 29936.617673189612 32010.196246760417 0
v 29948.77061175964 32012.330425814813 0
v 29949.149015422412 32010.174218724864 0
v 29963.20506207727 32007.199853235026 0
v 29965.38634459514 32009.599342945767 0
v 29976.849344221264 32002.655322561764 0
v 29970.817452746564 31992.836232694062 0
v 29961.480115881375 31998.497599854625 0
v 29946.233275534152 31998.862390520422 0
v 29945.999630952872 31989.352951155604 0
v 29927.792474222075 31986.94229336213 0
v 29960.56696382104 32079.56002178279 0
v 29951.007164288632 32068.61304403474 0
v 29951.007164288632 32068.61304403474 12.5
v 29960.56696382104 32079.56002178279 12.5
v 29951.007164288632 32068.61304403474 0
v 29980.933432571124 32042.727679912245 0
v 29980.933432571124 32042.727679912245 12.5
v 29951.007164288632 32068.61304403474 12.5
v 29980.933432571124 32042.727679912245 0
v 29981.667984673877 32038.061426101827 0
v 29981.667984673877 32038.061426101827 12.5
v 29980.933432571124 32042.727679912245 12.5
v 29981.667984673877 32038.061426101827 0
v 29973.532713927358 32026.052939074285 0
v 29973.532713927358 32026.052939074285 12.5
v 29981.667984673877 32038.061426101827 12.5
v 29973.532713927358 32026.052939074285 0
v 29984.962327110024 32018.931999012915 0
v 29984.962327110024 32018.931999012915 12.5
v 29973.532713927358 32026.052939074285 12.5
v 29984.962327110024 32018.931999012915 0
v 29996.41401361704 32037.818266167014 0
v 29996.41401361704 32037.818266167014 12.5
v 29984.962327110024 32018.931999012915 12.5
v 29996.41401361704 32037.818266167014 0
v 29994.633276984205 32049.649763294114 0
v 29994.633276984205 32049.649763294114 12.5
v 29996.41401361704 32037.818266167014 12.5
v 29994.633276984205 32049.649763294114 0
v 29960.56696382104 32079.56002178279 0
v 29960.56696382104 32079.56002178279 12.5
v 29994.633276984205 32049.649763294114 12.5
v 29960.56696382104 32079.56002178279 12.5
v 29951.007164288632 32068.61304403474 12.5
v 29980.933432571124 32042.727679912245 12.5
v 29981.667984673877 32038.061426101827 12.5
v 29973.532713927358 32026.052939074285 12.5
v 29984.962327110024 32018.931999012915 12.5
v 29996.41401361704 32037.818266167014 12.5
v 29994.633276984205 32049.649763294114 12.5
v 29994.633276984205 32049.649763294114 0
v 29996.41401361704 32037.818266167014 0
v 29984.962327110024 32018.931999012915 0
v 29973.532713927358 32026.052939074285 0
v 29981.667984673877 32038.061426101827 0
v 29980.933432571124 32042.727679912245 0
v 29951.007164288632 32068.61304403474 0
v 29960.56696382104 32079.56002178279 0
v 29896.273963182055 32128.52212601653 0
v 29893.43607390793 32124.906308935595 0
v 29893.43607390793 32124.906308935595 6.9
v 29896.273963182055 32128.52212601653 6.9
v 29893.43607390793 32124.906308935595 0
v 29896.75255583863 32122.252534797524 0
v 29896.75255583863 32122.252534797524 6.9
v 29893.43607390793 32124.906308935595 6.9
v 29896.75255583863 32122.252534797524 0
v 29893.213541433688 32117.663654218217 0
v 29893.213541433688 32117.663654218217 6.9
v 29896.75255583863 32122.252534797524 6.9
v 29893.213541433688 32117.663654218217 0
v 29891.38837697377 32117.121825071932 0
v 29891.38837697377 32117.121825071932 6.9
v 29893.213541433688 32117.663654218217 6.9
v 29891.38837697377 32117.121825071932 0
v 29874.550237189254 32094.862992868275 0
v 29874.550237189254 32094.862992868275 6.9
v 29891.38837697377 32117.121825071932 6.9
v 29874.550237189254 32094.862992868275 0
v 29859.882140097103 32091.32449956811 0
v 29859.882140097103 32091.32449956811 6.9
v 29874.550237189254 32094.862992868275 6.9
v 29859.882140097103 32091.32449956811 0
v 29861.50703475 32083.84964998478 0
v 29861.50703475 32083.84964998478 6.9
v 29859.882140097103 32091.32449956811 6.9
v 29861.50703475 32083.84964998478 0
v 29877.15448608054 32088.09582901969 0
v 29877.15448608054 32088.09582901969 6.9
v 29861.50703475 32083.84964998478 6.9
v 29877.15448608054 32088.09582901969 0
v 29907.781858696966 32064.919545871384 0
v 29907.781858696966 32064.919545871384 6.9
v 29877.15448608054 32088.09582901969 6.9
v 29907.781858696966 32064.919545871384 0
v 29895.53997359345 32050.367811442236 0
v 29895.53997359345 32050.367811442236 6.9
v 29907.781858696966 32064.919545871384 6.9
v 29895.53997359345 32050.367811442236 0
v 29894.326921676104 32047.79140904962 0
v 29894.326921676104 32047.79140904962 6.9
v 29895.53997359345 32050.367811442236 6.9
v 29894.326921676104 32047.79140904962 0
v 29895.13937548423 32043.180442985707 0
v 29895.13937548423 32043.180442985707 6.9
v 29894.326921676104 32047.79140904962 6.9
v 29895.13937548423 32043.180442985707 0
v 29883.787727777897 32041.588088435212 0
v 29883.787727777897 32041.588088435212 6.9
v 29895.13937548423 32043.180442985707 6.9
v 29883.787727777897 32041.588088435212 0
v 29882.574649693535 32042.88180610942 0
v 29882.574649693535 32042.88180610942 6.9
v 29883.787727777897 32041.588088435212 6.9
v 29882.574649693535 32042.88180610942 0
v 29877.310595880277 32042.948115680658 0
v 29877.310595880277 32042.948115680658 6.9
v 29882.574649693535 32042.88180610942 6.9
v 29877.310595880277 32042.948115680658 0
v 29877.967268668428 32034.411741088537 0
v 29877.967268668428 32034.411741088537 6.9
v 29877.310595880277 32042.948115680658 6.9
v 29877.967268668428 32034.411741088537 0
v 29917.475760181373 31995.368026673015 0
v 29917.475760181373 31995.368026673015 6.9
v 29877.967268668428 32034.411741088537 6.9
v 29917.475760181373 31995.368026673015 0
v 29925.043473497066 32004.136664774844 0
v 29925.043473497066 32004.136664774844 6.9
v 29917.475760181373 31995.368026673015 6.9
v 29925.043473497066 32004.136664774844 0
v 29929.116684298428 32008.769779329312 0
v 29929.116684298428 32008.769779329312 6.9
v 29925.043473497066 32004.136664774844 6.9
v 29929.116684298428 32008.769779329312 0
v 29957.239816962352 32015.65878809307 0
v 29957.239816962352 32015.65878809307 6.9
v 29929.116684298428 32008.769779329312 6.9
v 29957.239816962352 32015.65878809307 0
v 29976.771402428392 32008.07349003949 0
v 29976.771402428392 32008.07349003949 6.9
v 29957.239816962352 32015.65878809307 6.9
v 29976.771402428392 32008.07349003949 0
v 29984.962327110024 32018.931999012915 0
v 29984.962327110024 32018.931999012915 6.9
v 29976.771402428392 32008.07349003949 6.9
v 29984.962327110024 32018.931999012915 0
v 29973.532713927358 32026.052939074285 0
v 29973.532713927358 32026.052939074285 6.9
v 29984.962327110024 32018.931999012915 6.9
v 29973.532713927358 32026.052939074285 0
v 29969.72655266265 32028.43027171891 0
v 29969.72655266265 32028.43027171891 6.9
v 29973.532713927358 32026.052939074285 6.9
v 29969.72655266265 32028.43027171891 0
v 29978.117791100733 32040.604622731735 0
v 29978.117791100733 32040.604622731735 6.9
v 29969.72655266265 32028.43027171891 6.9
v 29978.117791100733 32040.604622731735 0
v 29968.268494112264 32049.68274916139 0
v 29968.268494112264 32049.68274916139 6.9
v 29978.117791100733 32040.604622731735 6.9
v 29968.268494112264 32049.68274916139 0
v 29961.290620596843 32041.466988247448 0
v 29961.290620596843 32041.466988247448 6.9
v 29968.268494112264 32049.68274916139 6.9
v 29961.290620596843 32041.466988247448 0
v 29935.35972317417 32062.885157777175 0
v 29935.35972317417 32062.885157777175 6.9
v 29961.290620596843 32041.466988247448 6.9
v 29935.35972317417 32062.885157777175 0
v 29953.032539918662 32085.26563179595 0
v 29953.032539918662 32085.26563179595 6.9
v 29935.35972317417 32062.885157777175 6.9
v 29953.032539918662 32085.26563179595 0
v 29896.273963182055 32128.52212601653 0
v 29896.273963182055 32128.52212601653 6.9
v 29953.032539918662 32085.26563179595 6.9
v 29896.273963182055 32128.52212601653 6.9
v 29893.43607390793 32124.906308935595 6.9
v 29896.75255583863 32122.252534797524 6.9
v 29893.213541433688 32117.663654218217 6.9
v 29891.38837697377 32117.121825071932 6.9
v 29874.550237189254 32094.862992868275 6.9
v 29859.882140097103 32091.32449956811 6.9
v 29861.50703475 32083.84964998478 6.9
v 29877.15448608054 32088.09582901969 6.9
v 29907.781858696966 32064.919545871384 6.9
v 29895.53997359345 32050.367811442236 6.9
v 29894.326921676104 32047.79140904962 6.9
v 29895.13937548423 32043.180442985707 6.9
v 29883.787727777897 32041.588088435212 6.9
v 29882.574649693535 32042.88180610942 6.9
v 29877.310595880277 32042.948115680658 6.9
v 29877.967268668428 32034.411741088537 6.9
v 29917.475760181373 31995.368026673015 6.9
v 29925.043473497066 32004.136664774844 6.9
v 29929.116684298428 32008.769779329312 6.9
v 29957.239816962352 32015.65878809307 6.9
v 29976.771402428392 32008.07349003949 6.9
v 29984.962327110024 32018.931999012915 6.9
v 29973.532713927358 32026.052939074285 6.9
v 29969.72655266265 32028.43027171891 6.9
v 29978.117791100733 32040.604622731735 6.9
v 29968.268494112264 32049.68274916139 6.9
v 29961.290620596843 32041.466988247448 6.9
v 29935.35972317417 32062.885157777175 6.9
v 29953.032539918662 32085.26563179595 6.9
v 29953.032539918662 32085.26563179595 0
v 29935.35972317417 32062.885157777175 0
v 29961.290620596843 32041.466988247448 0
v 29968.268494112264 32049.68274916139 0
v 29978.117791100733 32040.604622731735 0
v 29969.72655266265 32028.43027171891 0
v 29973.532713927358 32026.052939074285 0
v 29984.962327110024 32018.931999012915 0
v 29976.771402428392 32008.07349003949 0
v 29957.239816962352 32015.65878809307 0
v 29929.116684298428 32008.769779329312 0
v 29925.043473497066 32004.136664774844 0
v 29917.475760181373 31995.368026673015 0
v 29877.967268668428 32034.411741088537 0
v 29877.310595880277 32042.948115680658 0
v 29882.574649693535 32042.88180610942 0
v 29883.787727777897 32041.588088435212 0
v 29895.13937548423 32043.180442985707 0
v 29894.326921676104 32047.79140904962 0
v 29895.53997359345 32050.367811442236 0
v 29907.781858696966 32064.919545871384 0
v 29877.15448608054 32088.09582901969 0
v 29861.50703475 32083.84964998478 0
v 29859.882140097103 32091.32449956811 0
v 29874.550237189254 32094.862992868275 0
v 29891.38837697377 32117.121825071932 0
v 29893.213541433688 32117.663654218217 0
v 29896.75255583863 32122.252534797524 0
v 29893.43607390793 32124.906308935595 0
v 29896.273963182055 32128.52212601653 0
v 29990.458655426002 32220.841730014876 0
v 29978.62860022455 32200.19731981768 0
v 29978.62860022455 32200.19731981768 37.7
v 29990.458655426002 32220.841730014876 37.7
v 29978.62860022455 32200.19731981768 0
v 29980.49834196206 32192.02585095241 0
v 29980.49834196206 32192.02585095241 37.7
v 29978.62860022455 32200.19731981768 37.7
v 29980.49834196206 32192.02585095241 0
v 29988.87855483947 32188.874526927993 0
v 29988.87855483947 32188.874526927993 37.7
v 29980.49834196206 32192.02585095241 37.7
v 29988.87855483947 32188.874526927993 0
v 29994.35400879765 32195.752322164208 0
v 29994.35400879765 32195.752322164208 37.7
v 29988.87855483947 32188.874526927993 37.7
v 29994.35400879765 32195.752322164208 0
v 29991.90555501027 32203.923786821873 0
v 29991.90555501027 32203.923786821873 37.7
v 29994.35400879765 32195.752322164208 37.7
v 29991.90555501027 32203.923786821873 0
v 29994.353931131118 32206.643945811844 0
v 29994.353931131118 32206.643945811844 37.7
v 29991.90555501027 32203.923786821873 37.7
v 29994.353931131118 32206.643945811844 0
v 30009.756541172566 32209.90601442982 0
v 30009.756541172566 32209.90601442982 37.7
v 29994.353931131118 32206.643945811844 37.7
v 30009.756541172566 32209.90601442982 0
v 30018.70435401097 32204.322048468206 0
v 30018.70435401097 32204.322048468206 37.7
v 30009.756541172566 32209.90601442982 37.7
v 30018.70435401097 32204.322048468206 0
v 30045.83699758332 32208.479860357398 0
v 30045.83699758332 32208.479860357398 37.7
v 30018.70435401097 32204.322048468206 37.7
v 30045.83699758332 32208.479860357398 0
v 30068.629073945773 32243.598603551967 0
v 30068.629073945773 32243.598603551967 37.7
v 30045.83699758332 32208.479860357398 37.7
v 30068.629073945773 32243.598603551967 0
v 30066.469959368133 32253.771474719466 0
v 30066.469959368133 32253.771474719466 37.7
v 30068.629073945773 32243.598603551967 37.7
v 30066.469959368133 32253.771474719466 0
v 30055.78607246577 32251.195001711876 0
v 30055.78607246577 32251.195001711876 37.7
v 30066.469959368133 32253.771474719466 37.7
v 30055.78607246577 32251.195001711876 0
v 30036.165741543107 32221.37281841763 0
v 30036.165741543107 32221.37281841763 37.7
v 30055.78607246577 32251.195001711876 37.7
v 30036.165741543107 32221.37281841763 0
v 30016.534083994564 32218.365039977318 0
v 30016.534083994564 32218.365039977318 37.7
v 30036.165741543107 32221.37281841763 37.7
v 30016.534083994564 32218.365039977318 0
v 30008.164981130943 32224.24756228364 0
v 30008.164981130943 32224.24756228364 37.7
v 30016.534083994564 32218.365039977318 37.7
v 30008.164981130943 32224.24756228364 0
v 29990.458655426002 32220.841730014876 0
v 29990.458655426002 32220.841730014876 37.7
v 30008.164981130943 32224.24756228364 37.7
v 29990.458655426002 32220.841730014876 37.7
v 29978.62860022455 32200.19731981768 37.7
v 29980.49834196206 32192.02585095241 37.7
v 29988.87855483947 32188.874526927993 37.7
v 29994.35400879765 32195.752322164208 37.7
v 29991.90555501027 32203.923786821873 37.7
v 29994.353931131118 32206.643945811844 37.7
v 30009.756541172566 32209.90601442982 37.7
v 30018.70435401097 32204.322048468206 37.7
v 30045.83699758332 32208.479860357398 37.7
v 30068.629073945773 32243.598603551967 37.7
v 30066.469959368133 32253.771474719466 37.7
v 30055.78607246577 32251.195001711876 37.7
v 30036.165741543107 32221.37281841763 37.7
v 30016.534083994564 32218.365039977318 37.7
v 30008.164981130943 32224.24756228364 37.7
v 30008.164981130943 32224.24756228364 0
v 30016.534083994564 32218.365039977318 0
v 30036.165741543107 32221.37281841763 0
v 30055.78607246577 32251.195001711876 0
v 30066.469959368133 32253.771474719466 0
v 30068.629073945773 32243.598603551967 0
v 30045.83699758332 32208.479860357398 0
v 30018.70435401097 32204.322048468206 0
v 30009.756541172566 32209.90601442982 0
v 29994.353931131118 32206.643945811844 0
v 29991.90555501027 32203.923786821873 0
v 29994.35400879765 32195.752322164208 0
v 29988.87855483947 32188.874526927993 0
v 29980.49834196206 32192.02585095241 0
v 29978.62860022455 32200.19731981768 0
v 29990.458655426002 32220.841730014876 0
v 30123.49431313187 32384.548790197085 0
v 30107.4686307561 32362.157259389925 0
v 30107.4686307561 32362.157259389925 15.3
v 30123.49431313187 32384.548790197085 15.3
v 30107.4686307561 32362.157259389925 0
v 30122.470689916994 32351.564301252576 0
v 30122.470689916994 32351.564301252576 15.3
v 30107.4686307561 32362.157259389925 15.3
v 30122.470689916994 32351.564301252576 0
v 30113.85688492537 32339.522633560126 0
v 30113.85688492537 32339.522633560126 15.3
v 30122.470689916994 32351.564301252576 15.3
v 30113.85688492537 32339.522633560126 0
v 30125.798436082812 32331.08586225345 0
v 30125.798436082812 32331.08586225345 15.3
v 30113.85688492537 32339.522633560126 15.3
v 30125.798436082812 32331.08586225345 0
v 30158.962693481408 32377.405926034182 0
v 30158.962693481408 32377.405926034182 15.3
v 30125.798436082812 32331.08586225345 15.3
v 30158.962693481408 32377.405926034182 0
v 30148.545833279793 32384.75907401552 0
v 30148.545833279793 32384.75907401552 15.3
v 30158.962693481408 32377.405926034182 15.3
v 30148.545833279793 32384.75907401552 0
v 30140.032190834936 32372.872211031387 0
v 30140.032190834936 32372.872211031387 15.3
v 30148.545833279793 32384.75907401552 15.3
v 30140.032190834936 32372.872211031387 0
v 30123.49431313187 32384.548790197085 0
v 30123.49431313187 32384.548790197085 15.3
v 30140.032190834936 32372.872211031387 15.3
v 30123.49431313187 32384.548790197085 15.3
v 30107.4686307561 32362.157259389925 15.3
v 30122.470689916994 32351.564301252576 15.3
v 30113.85688492537 32339.522633560126 15.3
v 30125.798436082812 32331.08586225345 15.3
v 30158.962693481408 32377.405926034182 15.3
v 30148.545833279793 32384.75907401552 15.3
v 30140.032190834936 32372.872211031387 15.3
v 30140.032190834936 32372.872211031387 0
v 30148.545833279793 32384.75907401552 0
v 30158.962693481408 32377.405926034182 0
v 30125.798436082812 32331.08586225345 0
v 30113.85688492537 32339.522633560126 0
v 30122.470689916994 32351.564301252576 0
v 30107.4686307561 32362.157259389925 0
v 30123.49431313187 32384.548790197085 0
v 30089.005426187654 32373.77853862958 0
v 30069.986053004024 32347.207257927188 0
v 30069.986053004024 32347.207257927188 48.9
v 30089.005426187654 32373.77853862958 48.9
v 30069.986053004024 32347.207257927188 0
v 30102.772452402452 32324.053126861083 0
v 30102.772452402452 32324.053126861083 48.9
v 30069.986053004024 32347.207257927188 48.9
v 30102.772452402452 32324.053126861083 0
v 30113.85688492537 32339.522633560126 0
v 30113.85688492537 32339.522633560126 48.9
v 30102.772452402452 32324.053126861083 48.9
v 30113.85688492537 32339.522633560126 0
v 30122.470689916994 32351.564301252576 0
v 30122.470689916994 32351.564301252576 48.9
v 30113.85688492537 32339.522633560126 48.9
v 30122.470689916994 32351.564301252576 0
v 30107.4686307561 32362.157259389925 0
v 30107.4686307561 32362.157259389925 48.9
v 30122.470689916994 32351.564301252576 48.9
v 30107.4686307561 32362.157259389925 0
v 30099.822922940857 32367.56431253148 0
v 30099.822922940857 32367.56431253148 48.9
v 30107.4686307561 32362.157259389925 48.9
v 30099.822922940857 32367.56431253148 0
v 30109.449461830613 32381.01028820595 0
v 30109.449461830613 32381.01028820595 48.9
v 30099.822922940857 32367.56431253148 48.9
v 30109.449461830613 32381.01028820595 0
v 30099.31083108895 32388.175462842628 0
v 30099.31083108895 32388.175462842628 48.9
v 30109.449461830613 32381.01028820595 48.9
v 30099.31083108895 32388.175462842628 0
v 30089.005426187654 32373.77853862958 0
v 30089.005426187654 32373.77853862958 48.9
v 30099.31083108895 32388.175462842628 48.9
v 30089.005426187654 32373.77853862958 48.9
v 30069.986053004024 32347.207257927188 48.9
v 30102.772452402452 32324.053126861083 48.9
v 30113.85688492537 32339.522633560126 48.9
v 30122.470689916994 32351.564301252576 48.9
v 30107.4686307561 32362.157259389925 48.9
v 30099.822922940857 32367.56431253148 48.9
v 30109.449461830613 32381.01028820595 48.9
v 30099.31083108895 32388.175462842628 48.9
v 30099.31083108895 32388.175462842628 0
v 30109.449461830613 32381.01028820595 0
v 30099.822922940857 32367.56431253148 0
v 30107.4686307561 32362.157259389925 0
v 30122.470689916994 32351.564301252576 0
v 30113.85688492537 32339.522633560126 0
v 30102.772452402452 32324.053126861083 0
v 30069.986053004024 32347.207257927188 0
v 30089.005426187654 32373.77853862958 0
v 30115.848605606814 32389.955842904026 0
v 30123.49431313187 32384.548790197085 0
v 30123.49431313187 32384.548790197085 48.9
v 30115.848605606814 32389.955842904026 48.9
v 30123.49431313187 32384.548790197085 0
v 30140.032190834936 32372.872211031387 0
v 30140.032190834936 32372.872211031387 48.9
v 30123.49431313187 32384.548790197085 48.9
v 30140.032190834936 32372.872211031387 0
v 30148.545833279793 32384.75907401552 0
v 30148.545833279793 32384.75907401552 48.9
v 30140.032190834936 32372.872211031387 48.9
v 30148.545833279793 32384.75907401552 0
v 30159.585744837437 32400.195409870135 0
v 30159.585744837437 32400.195409870135 48.9
v 30148.545833279793 32384.75907401552 48.9
v 30159.585744837437 32400.195409870135 0
v 30125.27465975695 32424.43315636649 0
v 30125.27465975695 32424.43315636649 48.9
v 30159.585744837437 32400.195409870135 48.9
v 30125.27465975695 32424.43315636649 0
v 30106.299809264015 32397.928218247747 0
v 30106.299809264015 32397.928218247747 48.9
v 30125.27465975695 32424.43315636649 48.9
v 30106.299809264015 32397.928218247747 0
v 30099.31083108895 32388.175462842628 0
v 30099.31083108895 32388.175462842628 48.9
v 30106.299809264015 32397.928218247747 48.9
v 30099.31083108895 32388.175462842628 0
v 30109.449461830613 32381.01028820595 0
v 30109.449461830613 32381.01028820595 48.9
v 30099.31083108895 32388.175462842628 48.9
v 30109.449461830613 32381.01028820595 0
v 30115.848605606814 32389.955842904026 0
v 30115.848605606814 32389.955842904026 48.9
v 30109.449461830613 32381.01028820595 48.9
v 30115.848605606814 32389.955842904026 48.9
v 30123.49431313187 32384.548790197085 48.9
v 30140.032190834936 32372.872211031387 48.9
v 30148.545833279793 32384.75907401552 48.9
v 30159.585744837437 32400.195409870135 48.9
v 30125.27465975695 32424.43315636649 48.9
v 30106.299809264015 32397.928218247747 48.9
v 30099.31083108895 32388.175462842628 48.9
v 30109.449461830613 32381.01028820595 48.9
v 30109.449461830613 32381.01028820595 0
v 30099.31083108895 32388.175462842628 0
v 30106.299809264015 32397.928218247747 0
v 30125.27465975695 32424.43315636649 0
v 30159.585744837437 32400.195409870135 0
v 30148.545833279793 32384.75907401552 0
v 30140.032190834936 32372.872211031387 0
v 30123.49431313187 32384.548790197085 0
v 30115.848605606814 32389.955842904026 0
v 30171.438825549874 32319.29893299587 0
v 30142.51423861504 32338.118551105792 0
v 30142.51423861504 32338.118551105792 54.5
v 30171.438825549874 32319.29893299587 54.5
v 30142.51423861504 32338.118551105792 0
v 30121.76989982129 32306.659844831473 0
v 30121.76989982129 32306.659844831473 54.5
v 30142.51423861504 32338.118551105792 54.5
v 30121.76989982129 32306.659844831473 0
v 30160.744086919847 32281.294270329316 0
v 30160.744086919847 32281.294270329316 54.5
v 30121.76989982129 32306.659844831473 54.5
v 30160.744086919847 32281.294270329316 0
v 30188.699972607883 32323.688889663215 0
v 30188.699972607883 32323.688889663215 54.5
v 30160.744086919847 32281.294270329316 54.5
v 30188.699972607883 32323.688889663215 0
v 30178.63924610121 32330.22378534988 0
v 30178.63924610121 32330.22378534988 54.5
v 30188.699972607883 32323.688889663215 54.5
v 30178.63924610121 32330.22378534988 0
v 30171.438825549874 32319.29893299587 0
v 30171.438825549874 32319.29893299587 54.5
v 30178.63924610121 32330.22378534988 54.5
v 30171.438825549874 32319.29893299587 54.5
v 30142.51423861504 32338.118551105792 54.5
v 30121.76989982129 32306.659844831473 54.5
v 30160.744086919847 32281.294270329316 54.5
v 30188.699972607883 32323.688889663215 54.5
v 30178.63924610121 32330.22378534988 54.5
v 30178.63924610121 32330.22378534988 0
v 30188.699972607883 32323.688889663215 0
v 30160.744086919847 32281.294270329316 0
v 30121.76989982129 32306.659844831473 0
v 30142.51423861504 32338.118551105792 0
v 30171.438825549874 32319.29893299587 0
v 30215.932469437354 32364.96670020939 0
v 30175.700698258403 32391.150511239935 0
v 30175.700698258403 32391.150511239935 54.5
v 30215.932469437354 32364.96670020939 54.5
v 30175.700698258403 32391.150511239935 0
v 30155.724263596843 32360.86390172199 0
v 30155.724263596843 32360.86390172199 54.5
v 30175.700698258403 32391.150511239935 54.5
v 30155.724263596843 32360.86390172199 0
v 30185.906439870905 32341.22604083228 0
v 30185.906439870905 32341.22604083228 54.5
v 30155.724263596843 32360.86390172199 54.5
v 30185.906439870905 32341.22604083228 0
v 30178.63924610121 32330.22378534988 0
v 30178.63924610121 32330.22378534988 54.5
v 30185.906439870905 32341.22604083228 54.5
v 30178.63924610121 32330.22378534988 0
v 30188.699972607883 32323.688889663215 0
v 30188.699972607883 32323.688889663215 54.5
v 30178.63924610121 32330.22378534988 54.5
v 30188.699972607883 32323.688889663215 0
v 30215.932469437354 32364.96670020939 0
v 30215.932469437354 32364.96670020939 54.5
v 30188.699972607883 32323.688889663215 54.5
v 30215.932469437354 32364.96670020939 54.5
v 30175.700698258403 32391.150511239935 54.5
v 30155.724263596843 32360.86390172199 54.5
v 30185.906439870905 32341.22604083228 54.5
v 30178.63924610121 32330.22378534988 54.5
v 30188.699972607883 32323.688889663215 54.5
v 30188.699972607883 32323.688889663215 0
v 30178.63924610121 32330.22378534988 0
v 30185.906439870905 32341.22604083228 0
v 30155.724263596843 32360.86390172199 0
v 30175.700698258403 32391.150511239935 0
v 30215.932469437354 32364.96670020939 0
v 30991.52922445019 32260.38116359209 0
v 30951.431644784832 32217.212309537732 0
v 30951.431644784832 32217.212309537732 48.9
v 30991.52922445019 32260.38116359209 48.9
v 30951.431644784832 32217.212309537732 0
v 30961.87081439797 32207.647694026982 0
v 30961.87081439797 32207.647694026982 48.9
v 30951.431644784832 32217.212309537732 48.9
v 30961.87081439797 32207.647694026982 0
v 31001.9683938829 32250.816549554642 0
v 31001.9683938829 32250.816549554642 48.9
v 30961.87081439797 32207.647694026982 48.9
v 31001.9683938829 32250.816549554642 0
v 30991.52922445019 32260.38116359209 0
v 30991.52922445019 32260.38116359209 48.9
v 31001.9683938829 32250.816549554642 48.9
v 30991.52922445019 32260.38116359209 48.9
v 30951.431644784832 32217.212309537732 48.9
v 30961.87081439797 32207.647694026982 48.9
v 31001.9683938829 32250.816549554642 48.9
v 31001.9683938829 32250.816549554642 0
v 30961.87081439797 32207.647694026982 0
v 30951.431644784832 32217.212309537732 0
v 30991.52922445019 32260.38116359209 0
v 31344.78156207162 31879.333114765588 0
v 31395.519713395468 31825.251557596337 0
v 31395.519713395468 31825.251557596337 46.1
v 31344.78156207162 31879.333114765588 46.1
v 31395.519713395468 31825.251557596337 0
v 31405.98093714421 31834.938042846356 0
v 31405.98093714421 31834.938042846356 46.1
v 31395.519713395468 31825.251557596337 46.1
v 31405.98093714421 31834.938042846356 0
v 31355.231656381802 31889.01959803147 0
v 31355.231656381802 31889.01959803147 46.1
v 31405.98093714421 31834.938042846356 46.1
v 31355.231656381802 31889.01959803147 0
v 31344.78156207162 31879.333114765588 0
v 31344.78156207162 31879.333114765588 46.1
v 31355.231656381802 31889.01959803147 46.1
v 31344.78156207162 31879.333114765588 46.1
v 31395.519713395468 31825.251557596337 46.1
v 31405.98093714421 31834.938042846356 46.1
v 31355.231656381802 31889.01959803147 46.1
v 31355.231656381802 31889.01959803147 0
v 31405.98093714421 31834.938042846356 0
v 31395.519713395468 31825.251557596337 0
v 31344.78156207162 31879.333114765588 0
v 31079.683404030457 32185.589280975088 0
v 31068.03115534002 32195.640408271436 0
v 31068.03115534002 32195.640408271436 57.3
v 31079.683404030457 32185.589280975088 57.3
v 31068.03115534002 32195.640408271436 0
v 31034.59983928988 32157.392197180405 0
v 31034.59983928988 32157.392197180405 57.3
v 31068.03115534002 32195.640408271436 57.3
v 31034.59983928988 32157.392197180405 0
v 31046.25208831406 32147.341068509893 0
v 31046.25208831406 32147.341068509893 57.3
v 31034.59983928988 32157.392197180405 57.3
v 31046.25208831406 32147.341068509893 0
v 31079.683404030457 32185.589280975088 0
v 31079.683404030457 32185.589280975088 57.3
v 31046.25208831406 32147.341068509893 57.3
v 31079.683404030457 32185.589280975088 57.3
v 31068.03115534002 32195.640408271436 57.3
v 31034.59983928988 32157.392197180405 57.3
v 31046.25208831406 32147.341068509893 57.3
v 31046.25208831406 32147.341068509893 0
v 31034.59983928988 32157.392197180405 0
v 31068.03115534002 32195.640408271436 0
v 31079.683404030457 32185.589280975088 0
v 31378.480095683608 31907.0435807327 0
v 31429.229377850144 31852.96202966092 0
v 31429.229377850144 31852.96202966092 46.1
v 31378.480095683608 31907.0435807327 46.1
v 31429.229377850144 31852.96202966092 0
v 31439.69059940422 31862.648516241225 0
v 31439.69059940422 31862.648516241225 46.1
v 31429.229377850144 31852.96202966092 46.1
v 31439.69059940422 31862.648516241225 0
v 31388.94131688523 31916.730065461437 0
v 31388.94131688523 31916.730065461437 46.1
v 31439.69059940422 31862.648516241225 46.1
v 31388.94131688523 31916.730065461437 0
v 31378.480095683608 31907.0435807327 0
v 31378.480095683608 31907.0435807327 46.1
v 31388.94131688523 31916.730065461437 46.1
v 31378.480095683608 31907.0435807327 46.1
v 31429.229377850144 31852.96202966092 46.1
v 31439.69059940422 31862.648516241225 46.1
v 31388.94131688523 31916.730065461437 46.1
v 31388.94131688523 31916.730065461437 0
v 31439.69059940422 31862.648516241225 0
v 31429.229377850144 31852.96202966092 0
v 31378.480095683608 31907.0435807327 0
v 31053.051277042014 32209.185665475332 0
v 31043.190822588986 32218.142122176185 0
v 31043.190822588986 32218.142122176185 34.9
v 31053.051277042014 32209.185665475332 34.9
v 31043.190822588986 32218.142122176185 0
v 30997.573293632828 32168.537744377583 0
v 30997.573293632828 32168.537744377583 34.9
v 31043.190822588986 32218.142122176185 34.9
v 30997.573293632828 32168.537744377583 0
v 31007.43374830712 32159.581286093297 0
v 31007.43374830712 32159.581286093297 34.9
v 30997.573293632828 32168.537744377583 34.9
v 31007.43374830712 32159.581286093297 0
v 31053.051277042014 32209.185665475332 0
v 31053.051277042014 32209.185665475332 34.9
v 31007.43374830712 32159.581286093297 34.9
v 31053.051277042014 32209.185665475332 34.9
v 31043.190822588986 32218.142122176185 34.9
v 30997.573293632828 32168.537744377583 34.9
v 31007.43374830712 32159.581286093297 34.9
v 31007.43374830712 32159.581286093297 0
v 30997.573293632828 32168.537744377583 0
v 31043.190822588986 32218.142122176185 0
v 31053.051277042014 32209.185665475332 0
v 30993.989753907314 32166.514185944212 0
v 31004.228383450838 32177.439092505967 0
v 31004.228383450838 32177.439092505967 12.5
v 30993.989753907314 32166.514185944212 12.5
v 31004.228383450838 32177.439092505967 0
v 30986.555242001476 32193.7929258869 0
v 30986.555242001476 32193.7929258869 12.5
v 31004.228383450838 32177.439092505967 12.5
v 30986.555242001476 32193.7929258869 0
v 30978.47562763806 32185.19011513376 0
v 30978.47562763806 32185.19011513376 12.5
v 30986.555242001476 32193.7929258869 12.5
v 30978.47562763806 32185.19011513376 0
v 30976.427858271767 32187.080923537236 0
v 30976.427858271767 32187.080923537236 12.5
v 30978.47562763806 32185.19011513376 12.5
v 30976.427858271767 32187.080923537236 0
v 31012.897407925688 32225.95943712654 0
v 31012.897407925688 32225.95943712654 12.5
v 30976.427858271767 32187.080923537236 12.5
v 31012.897407925688 32225.95943712654 0
v 31003.537766728514 32234.617348456974 0
v 31003.537766728514 32234.617348456974 12.5
v 31012.897407925688 32225.95943712654 12.5
v 31003.537766728514 32234.617348456974 0
v 30964.89807250897 32193.42779835142 0
v 30964.89807250897 32193.42779835142 12.5
v 31003.537766728514 32234.617348456974 12.5
v 30964.89807250897 32193.42779835142 0
v 30993.989753907314 32166.514185944212 0
v 30993.989753907314 32166.514185944212 12.5
v 30964.89807250897 32193.42779835142 12.5
v 30993.989753907314 32166.514185944212 12.5
v 31004.228383450838 32177.439092505967 12.5
v 30986.555242001476 32193.7929258869 12.5
v 30978.47562763806 32185.19011513376 12.5
v 30976.427858271767 32187.080923537236 12.5
v 31012.897407925688 32225.95943712654 12.5
v 31003.537766728514 32234.617348456974 12.5
v 30964.89807250897 32193.42779835142 12.5
v 30964.89807250897 32193.42779835142 0
v 31003.537766728514 32234.617348456974 0
v 31012.897407925688 32225.95943712654 0
v 30976.427858271767 32187.080923537236 0
v 30978.47562763806 32185.19011513376 0
v 30986.555242001476 32193.7929258869 0
v 31004.228383450838 32177.439092505967 0
v 30993.989753907314 32166.514185944212 0
v 30999.50847127061 32287.92544843813 0
v 31066.328112083494 32222.56536966956 0
v 31066.328112083494 32222.56536966956 40.5
v 30999.50847127061 32287.92544843813 40.5
v 31066.328112083494 32222.56536966956 0
v 31118.968033462224 32274.757289524794 0
v 31118.968033462224 32274.757289524794 40.5
v 31066.328112083494 32222.56536966956 40.5
v 31118.968033462224 32274.757289524794 0
v 31136.89674971218 32293.743195046554 0
v 31136.89674971218 32293.743195046554 40.5
v 31118.968033462224 32274.757289524794 40.5
v 31136.89674971218 32293.743195046554 0
v 31081.718236472112 32347.714174043405 0
v 31081.718236472112 32347.714174043405 40.5
v 31136.89674971218 32293.743195046554 40.5
v 31081.718236472112 32347.714174043405 0
v 31124.464494924552 32390.838847706633 0
v 31124.464494924552 32390.838847706633 40.5
v 31081.718236472112 32347.714174043405 40.5
v 31124.464494924552 32390.838847706633 0
v 31112.823367256704 32402.216871684508 0
v 31112.823367256704 32402.216871684508 40.5
v 31124.464494924552 32390.838847706633 40.5
v 31112.823367256704 32402.216871684508 0
v 31049.92259252422 32338.889950599107 0
v 31049.92259252422 32338.889950599107 40.5
v 31112.823367256704 32402.216871684508 40.5
v 31049.92259252422 32338.889950599107 0
v 30999.50847127061 32287.92544843813 0
v 30999.50847127061 32287.92544843813 40.5
v 31049.92259252422 32338.889950599107 40.5
v 31105.3682173808 32283.249287912327 0
v 31101.33954060502 32279.113743118112 0
v 31101.33954060502 32279.113743118112 40.5
v 31105.3682173808 32283.249287912327 40.5
v 31101.33954060502 32279.113743118112 0
v 31059.49380463828 32319.218786292633 0
v 31059.49380463828 32319.218786292633 40.5
v 31101.33954060502 32279.113743118112 40.5
v 31059.49380463828 32319.218786292633 0
v 31063.600383925008 32323.4427912428 0
v 31063.600383925008 32323.4427912428 40.5
v 31059.49380463828 32319.218786292633 40.5
v 31063.600383925008 32323.4427912428 0
v 31055.932376415305 32330.81805093433 0
v 31055.932376415305 32330.81805093433 40.5
v 31063.600383925008 32323.4427912428 40.5
v 31055.932376415305 32330.81805093433 0
v 31057.20107568319 32332.122848255683 0
v 31057.20107568319 32332.122848255683 40.5
v 31055.932376415305 32330.81805093433 40.5
v 31057.20107568319 32332.122848255683 0
v 31063.344251093404 32338.42568302184 0
v 31063.344251093404 32338.42568302184 40.5
v 31057.20107568319 32332.122848255683 40.5
v 31063.344251093404 32338.42568302184 0
v 31120.47036053516 32283.459548397983 0
v 31120.47036053516 32283.459548397983 40.5
v 31063.344251093404 32338.42568302184 40.5
v 31120.47036053516 32283.459548397983 0
v 31115.306531956 32278.162954611595 0
v 31115.306531956 32278.162954611595 40.5
v 31120.47036053516 32283.459548397983 40.5
v 31115.306531956 32278.162954611595 0
v 31113.047356821888 32275.851914698404 0
v 31113.047356821888 32275.851914698404 40.5
v 31115.306531956 32278.162954611595 40.5
v 31113.047356821888 32275.851914698404 0
v 31105.3682173808 32283.249287912327 0
v 31105.3682173808 32283.249287912327 40.5
v 31113.047356821888 32275.851914698404 40.5
v 30999.50847127061 32287.92544843813 40.5
v 31066.328112083494 32222.56536966956 40.5
v 31118.968033462224 32274.757289524794 40.5
v 31136.89674971218 32293.743195046554 40.5
v 31081.718236472112 32347.714174043405 40.5
v 31124.464494924552 32390.838847706633 40.5
v 31112.823367256704 32402.216871684508 40.5
v 31049.92259252422 32338.889950599107 40.5
v 31105.3682173808 32283.249287912327 40.5
v 31101.33954060502 32279.113743118112 40.5
v 31059.49380463828 32319.218786292633 40.5
v 31063.600383925008 32323.4427912428 40.5
v 31055.932376415305 32330.81805093433 40.5
v 31057.20107568319 32332.122848255683 40.5
v 31063.344251093404 32338.42568302184 40.5
v 31120.47036053516 32283.459548397983 40.5
v 31115.306531956 32278.162954611595 40.5
v 31113.047356821888 32275.851914698404 40.5
v 31049.92259252422 32338.889950599107 0
v 31112.823367256704 32402.216871684508 0
v 31124.464494924552 32390.838847706633 0
v 31081.718236472112 32347.714174043405 0
v 31136.89674971218 32293.743195046554 0
v 31118.968033462224 32274.757289524794 0
v 31066.328112083494 32222.56536966956 0
v 30999.50847127061 32287.92544843813 0
v 31113.047356821888 32275.851914698404 0
v 31115.306531956 32278.162954611595 0
v 31120.47036053516 32283.459548397983 0
v 31063.344251093404 32338.42568302184 0
v 31057.20107568319 32332.122848255683 0
v 31055.932376415305 32330.81805093433 0
v 31063.600383925008 32323.4427912428 0
v 31059.49380463828 32319.218786292633 0
v 31101.33954060502 32279.113743118112 0
v 31105.3682173808 32283.249287912327 0
v 31112.823367256704 32402.216871684508 0
v 31124.464494924552 32390.838847706633 0
v 31124.464494924552 32390.838847706633 76.9
v 31112.823367256704 32402.216871684508 76.9
v 31124.464494924552 32390.838847706633 0
v 31130.5299013141 32384.901045185637 0
v 31130.5299013141 32384.901045185637 76.9
v 31124.464494924552 32390.838847706633 76.9
v 31130.5299013141 32384.901045185637 0
v 31147.99120435546 32402.515818124022 0
v 31147.99120435546 32402.515818124022 76.9
v 31130.5299013141 32384.901045185637 76.9
v 31147.99120435546 32402.515818124022 0
v 31130.284670286073 32419.831643536356 0
v 31130.284670286073 32419.831643536356 76.9
v 31147.99120435546 32402.515818124022 76.9
v 31130.284670286073 32419.831643536356 0
v 31112.823367256704 32402.216871684508 0
v 31112.823367256704 32402.216871684508 76.9
v 31130.284670286073 32419.831643536356 76.9
v 31112.823367256704 32402.216871684508 76.9
v 31124.464494924552 32390.838847706633 76.9
v 31130.5299013141 32384.901045185637 76.9
v 31147.99120435546 32402.515818124022 76.9
v 31130.284670286073 32419.831643536356 76.9
v 31130.284670286073 32419.831643536356 0
v 31147.99120435546 32402.515818124022 0
v 31130.5299013141 32384.901045185637 0
v 31124.464494924552 32390.838847706633 0
v 31112.823367256704 32402.216871684508 0
v 31097.298968616902 32344.076433218095 0
v 31143.11782097791 32300.64313673377 0
v 31143.11782097791 32300.64313673377 20.9
v 31097.298968616902 32344.076433218095 20.9
v 31143.11782097791 32300.64313673377 0
v 31168.391635086013 32326.938125937322 0
v 31168.391635086013 32326.938125937322 20.9
v 31143.11782097791 32300.64313673377 20.9
v 31168.391635086013 32326.938125937322 0
v 31122.57278280654 32370.382475835107 0
v 31122.57278280654 32370.382475835107 20.9
v 31168.391635086013 32326.938125937322 20.9
v 31122.57278280654 32370.382475835107 0
v 31097.298968616902 32344.076433218095 0
v 31097.298968616902 32344.076433218095 20.9
v 31122.57278280654 32370.382475835107 20.9
v 31097.298968616902 32344.076433218095 20.9
v 31143.11782097791 32300.64313673377 20.9
v 31168.391635086013 32326.938125937322 20.9
v 31122.57278280654 32370.382475835107 20.9
v 31122.57278280654 32370.382475835107 0
v 31168.391635086013 32326.938125937322 0
v 31143.11782097791 32300.64313673377 0
v 31097.298968616902 32344.076433218095 0
v 31175.92629880807 32301.804543856153 0
v 31175.547978252296 32295.844554143485 0
v 31175.547978252296 32295.844554143485 20.9
v 31175.92629880807 32301.804543856153 20.9
v 31175.547978252296 32295.844554143485 0
v 31208.52378619256 32262.72775770789 0
v 31208.52378619256 32262.72775770789 20.9
v 31175.547978252296 32295.844554143485 20.9
v 31208.52378619256 32262.72775770789 0
v 31215.646390395563 32262.727839570485 0
v 31215.646390395563 32262.727839570485 20.9
v 31208.52378619256 32262.72775770789 20.9
v 31215.646390395563 32262.727839570485 0
v 31220.88810903556 32269.052782417653 0
v 31220.88810903556 32269.052782417653 20.9
v 31215.646390395563 32262.727839570485 20.9
v 31220.88810903556 32269.052782417653 0
v 31221.633675190402 32276.118525121557 0
v 31221.633675190402 32276.118525121557 20.9
v 31220.88810903556 32269.052782417653 20.9
v 31221.633675190402 32276.118525121557 0
v 31225.762512266178 32280.220900383574 0
v 31225.762512266178 32280.220900383574 20.9
v 31221.633675190402 32276.118525121557 20.9
v 31225.762512266178 32280.220900383574 0
v 31232.12833938441 32280.22097394139 0
v 31232.12833938441 32280.22097394139 20.9
v 31225.762512266178 32280.220900383574 20.9
v 31232.12833938441 32280.22097394139 0
v 31243.001322681645 32290.26129801977 0
v 31243.001322681645 32290.26129801977 20.9
v 31232.12833938441 32280.22097394139 20.9
v 31243.001322681645 32290.26129801977 0
v 31241.877217663336 32296.22127041698 0
v 31241.877217663336 32296.22127041698 20.9
v 31243.001322681645 32290.26129801977 20.9
v 31241.877217663336 32296.22127041698 0
v 31237.38102252672 32300.68844299468 0
v 31237.38102252672 32300.68844299468 20.9
v 31241.877217663336 32296.22127041698 20.9
v 31237.38102252672 32300.68844299468 0
v 31231.004096982066 32298.07880227001 0
v 31231.004096982066 32298.07880227001 20.9
v 31237.38102252672 32300.68844299468 20.9
v 31231.004096982066 32298.07880227001 0
v 31203.281273614153 32325.622682893434 0
v 31203.281273614153 32325.622682893434 20.9
v 31231.004096982066 32298.07880227001 20.9
v 31203.281273614153 32325.622682893434 0
v 31198.785130725475 32325.62263137319 0
v 31198.785130725475 32325.62263137319 20.9
v 31203.281273614153 32325.622682893434 20.9
v 31198.785130725475 32325.62263137319 0
v 31192.40826063468 32318.1808697534 0
v 31192.40826063468 32318.1808697534 20.9
v 31198.785130725475 32325.62263137319 20.9
v 31192.40826063468 32318.1808697534 0
v 31194.656421531872 32310.363252228875 0
v 31194.656421531872 32310.363252228875 20.9
v 31192.40826063468 32318.1808697534 20.9
v 31194.656421531872 32310.363252228875 0
v 31189.036293609082 32305.895963325416 0
v 31189.036293609082 32305.895963325416 20.9
v 31194.656421531872 32310.363252228875 20.9
v 31189.036293609082 32305.895963325416 0
v 31183.048821499407 32308.870359013563 0
v 31183.048821499407 32308.870359013563 20.9
v 31189.036293609082 32305.895963325416 20.9
v 31183.048821499407 32308.870359013563 0
v 31175.92629880807 32301.804543856153 0
v 31175.92629880807 32301.804543856153 20.9
v 31183.048821499407 32308.870359013563 20.9
v 31175.92629880807 32301.804543856153 20.9
v 31175.547978252296 32295.844554143485 20.9
v 31208.52378619256 32262.72775770789 20.9
v 31215.646390395563 32262.727839570485 20.9
v 31220.88810903556 32269.052782417653 20.9
v 31221.633675190402 32276.118525121557 20.9
v 31225.762512266178 32280.220900383574 20.9
v 31232.12833938441 32280.22097394139 20.9
v 31243.001322681645 32290.26129801977 20.9
v 31241.877217663336 32296.22127041698 20.9
v 31237.38102252672 32300.68844299468 20.9
v 31231.004096982066 32298.07880227001 20.9
v 31203.281273614153 32325.622682893434 20.9
v 31198.785130725475 32325.62263137319 20.9
v 31192.40826063468 32318.1808697534 20.9
v 31194.656421531872 32310.363252228875 20.9
v 31189.036293609082 32305.895963325416 20.9
v 31183.048821499407 32308.870359013563 20.9
v 31183.048821499407 32308.870359013563 0
v 31189.036293609082 32305.895963325416 0
v 31194.656421531872 32310.363252228875 0
v 31192.40826063468 32318.1808697534 0
v 31198.785130725475 32325.62263137319 0
v 31203.281273614153 32325.622682893434 0
v 31231.004096982066 32298.07880227001 0
v 31237.38102252672 32300.68844299468 0
v 31241.877217663336 32296.22127041698 0
v 31243.001322681645 32290.26129801977 0
v 31232.12833938441 32280.22097394139 0
v 31225.762512266178 32280.220900383574 0
v 31221.633675190402 32276.118525121557 0
v 31220.88810903556 32269.052782417653 0
v 31215.646390395563 32262.727839570485 0
v 31208.52378619256 32262.72775770789 0
v 31175.547978252296 32295.844554143485 0
v 31175.92629880807 32301.804543856153 0
v 31146.17892876371 32246.08553129049 0
v 31134.393114524275 32257.629415072533 0
v 31134.393114524275 32257.629415072533 32.1
v 31146.17892876371 32246.08553129049 32.1
v 31134.393114524275 32257.629415072533 0
v 31091.112646470592 32214.040320361357 0
v 31091.112646470592 32214.040320361357 32.1
v 31134.393114524275 32257.629415072533 32.1
v 31091.112646470592 32214.040320361357 0
v 31102.898460682303 32202.49643478889 0
v 31102.898460682303 32202.49643478889 32.1
v 31091.112646470592 32214.040320361357 32.1
v 31102.898460682303 32202.49643478889 0
v 31146.17892876371 32246.08553129049 0
v 31146.17892876371 32246.08553129049 32.1
v 31102.898460682303 32202.49643478889 32.1
v 31146.17892876371 32246.08553129049 32.1
v 31134.393114524275 32257.629415072533 32.1
v 31091.112646470592 32214.040320361357 32.1
v 31102.898460682303 32202.49643478889 32.1
v 31102.898460682303 32202.49643478889 0
v 31091.112646470592 32214.040320361357 0
v 31134.393114524275 32257.629415072533 0
v 31146.17892876371 32246.08553129049 0
v 31227.855926654454 32180.67037051991 0
v 31213.888780089288 32194.657930438694 0
v 31213.888780089288 32194.657930438694 85.3
v 31227.855926654454 32180.67037051991 85.3
v 31213.888780089288 32194.657930438694 0
v 31185.087065277337 32166.306204800814 0
v 31185.087065277337 32166.306204800814 85.3
v 31213.888780089288 32194.657930438694 85.3
v 31185.087065277337 32166.306204800814 0
v 31199.05421188099 32152.307585985214 0
v 31199.05421188099 32152.307585985214 85.3
v 31185.087065277337 32166.306204800814 85.3
v 31199.05421188099 32152.307585985214 0
v 31227.855926654454 32180.67037051991 0
v 31227.855926654454 32180.67037051991 85.3
v 31199.05421188099 32152.307585985214 85.3
v 31227.855926654454 32180.67037051991 85.3
v 31213.888780089288 32194.657930438694 85.3
v 31185.087065277337 32166.306204800814 85.3
v 31199.05421188099 32152.307585985214 85.3
v 31199.05421188099 32152.307585985214 0
v 31185.087065277337 32166.306204800814 0
v 31213.888780089288 32194.657930438694 0
v 31227.855926654454 32180.67037051991 0
v 31187.0008279952 32204.71993564264 0
v 31146.402369417938 32169.73358777756 0
v 31146.402369417938 32169.73358777756 15.3
v 31187.0008279952 32204.71993564264 15.3
v 31146.402369417938 32169.73358777756 0
v 31157.88772091943 32156.586365516476 0
v 31157.88772091943 32156.586365516476 15.3
v 31146.402369417938 32169.73358777756 15.3
v 31157.88772091943 32156.586365516476 0
v 31198.486180041462 32191.572715006307 0
v 31198.486180041462 32191.572715006307 15.3
v 31157.88772091943 32156.586365516476 15.3
v 31198.486180041462 32191.572715006307 0
v 31187.0008279952 32204.71993564264 0
v 31187.0008279952 32204.71993564264 15.3
v 31198.486180041462 32191.572715006307 15.3
v 31187.0008279952 32204.71993564264 15.3
v 31146.402369417938 32169.73358777756 15.3
v 31157.88772091943 32156.586365516476 15.3
v 31198.486180041462 32191.572715006307 15.3
v 31198.486180041462 32191.572715006307 0
v 31157.88772091943 32156.586365516476 0
v 31146.402369417938 32169.73358777756 0
v 31187.0008279952 32204.71993564264 0
v 31148.762357333093 32114.258203555037 0
v 31179.322471872416 32142.875324807497 0
v 31179.322471872416 32142.875324807497 85.3
v 31148.762357333093 32114.258203555037 85.3
v 31179.322471872416 32142.875324807497 0
v 31166.212266710794 32156.674919526915 0
v 31166.212266710794 32156.674919526915 85.3
v 31179.322471872416 32142.875324807497 85.3
v 31166.212266710794 32156.674919526915 0
v 31135.66328134888 32128.06885728672 0
v 31135.66328134888 32128.06885728672 85.3
v 31166.212266710794 32156.674919526915 85.3
v 31135.66328134888 32128.06885728672 0
v 31148.762357333093 32114.258203555037 0
v 31148.762357333093 32114.258203555037 85.3
v 31135.66328134888 32128.06885728672 85.3
v 31148.762357333093 32114.258203555037 85.3
v 31179.322471872416 32142.875324807497 85.3
v 31166.212266710794 32156.674919526915 85.3
v 31135.66328134888 32128.06885728672 85.3
v 31135.66328134888 32128.06885728672 0
v 31166.212266710794 32156.674919526915 0
v 31179.322471872416 32142.875324807497 0
v 31148.762357333093 32114.258203555037 0
v 31106.604857649974 32165.0337110087 0
v 31098.85893569645 32172.906555589543 0
v 31098.85893569645 32172.906555589543 4.1
v 31106.604857649974 32165.0337110087 4.1
v 31098.85893569645 32172.906555589543 0
v 31069.28930462112 32144.23416661162 0
v 31069.28930462112 32144.23416661162 4.1
v 31098.85893569645 32172.906555589543 4.1
v 31069.28930462112 32144.23416661162 0
v 31077.06861420938 32136.317091649285 0
v 31077.06861420938 32136.317091649285 4.1
v 31069.28930462112 32144.23416661162 4.1
v 31077.06861420938 32136.317091649285 0
v 31091.84786618947 32150.636699834962 0
v 31091.84786618947 32150.636699834962 4.1
v 31077.06861420938 32136.317091649285 4.1
v 31091.84786618947 32150.636699834962 0
v 31096.09922009623 32146.313269578168 0
v 31096.09922009623 32146.313269578168 4.1
v 31091.84786618947 32150.636699834962 4.1
v 31096.09922009623 32146.313269578168 0
v 31100.528641401856 32141.801864085093 0
v 31100.528641401856 32141.801864085093 4.1
v 31096.09922009623 32146.313269578168 4.1
v 31100.528641401856 32141.801864085093 0
v 31097.356889411603 32138.72784765459 0
v 31097.356889411603 32138.72784765459 4.1
v 31100.528641401856 32141.801864085093 4.1
v 31097.356889411603 32138.72784765459 0
v 31105.95976078443 32129.970413613264 0
v 31105.95976078443 32129.970413613264 4.1
v 31097.356889411603 32138.72784765459 4.1
v 31105.95976078443 32129.970413613264 0
v 31124.222373813376 32147.68471064257 0
v 31124.222373813376 32147.68471064257 4.1
v 31105.95976078443 32129.970413613264 4.1
v 31124.222373813376 32147.68471064257 0
v 31115.675148370334 32156.386857320063 0
v 31115.675148370334 32156.386857320063 4.1
v 31124.222373813376 32147.68471064257 4.1
v 31115.675148370334 32156.386857320063 0
v 31107.662302023884 32148.613355039026 0
v 31107.662302023884 32148.613355039026 4.1
v 31115.675148370334 32156.386857320063 4.1
v 31107.662302023884 32148.613355039026 0
v 31103.188363800447 32153.180047360816 0
v 31103.188363800447 32153.180047360816 4.1
v 31107.662302023884 32148.613355039026 4.1
v 31103.188363800447 32153.180047360816 0
v 31098.892493099298 32157.54770696552 0
v 31098.892493099298 32157.54770696552 4.1
v 31103.188363800447 32153.180047360816 4.1
v 31098.892493099298 32157.54770696552 0
v 31106.604857649974 32165.0337110087 0
v 31106.604857649974 32165.0337110087 4.1
v 31098.892493099298 32157.54770696552 4.1
v 31106.604857649974 32165.0337110087 4.1
v 31098.85893569645 32172.906555589543 4.1
v 31069.28930462112 32144.23416661162 4.1
v 31077.06861420938 32136.317091649285 4.1
v 31091.84786618947 32150.636699834962 4.1
v 31096.09922009623 32146.313269578168 4.1
v 31100.528641401856 32141.801864085093 4.1
v 31097.356889411603 32138.72784765459 4.1
v 31105.95976078443 32129.970413613264 4.1
v 31124.222373813376 32147.68471064257 4.1
v 31115.675148370334 32156.386857320063 4.1
v 31107.662302023884 32148.613355039026 4.1
v 31103.188363800447 32153.180047360816 4.1
v 31098.892493099298 32157.54770696552 4.1
v 31098.892493099298 32157.54770696552 0
v 31103.188363800447 32153.180047360816 0
v 31107.662302023884 32148.613355039026 0
v 31115.675148370334 32156.386857320063 0
v 31124.222373813376 32147.68471064257 0
v 31105.95976078443 32129.970413613264 0
v 31097.356889411603 32138.72784765459 0
v 31100.528641401856 32141.801864085093 0
v 31096.09922009623 32146.313269578168 0
v 31091.84786618947 32150.636699834962 0
v 31077.06861420938 32136.317091649285 0
v 31069.28930462112 32144.23416661162 0
v 31098.85893569645 32172.906555589543 0
v 31106.604857649974 32165.0337110087 0
v 31412.790699280893 31936.633831175335 0
v 31463.539982992672 31882.552286175865 0
v 31463.539982992672 31882.552286175865 46.1
v 31412.790699280893 31936.633831175335 46.1
v 31463.539982992672 31882.552286175865 0
v 31474.001202262538 31892.238774113186 0
v 31474.001202262538 31892.238774113186 46.1
v 31463.539982992672 31882.552286175865 46.1
v 31474.001202262538 31892.238774113186 0
v 31423.25191819452 31946.320317260757 0
v 31423.25191819452 31946.320317260757 46.1
v 31474.001202262538 31892.238774113186 46.1
v 31423.25191819452 31946.320317260757 0
v 31412.790699280893 31936.633831175335 0
v 31412.790699280893 31936.633831175335 46.1
v 31423.25191819452 31946.320317260757 46.1
v 31412.790699280893 31936.633831175335 46.1
v 31463.539982992672 31882.552286175865 46.1
v 31474.001202262538 31892.238774113186 46.1
v 31423.25191819452 31946.320317260757 46.1
v 31423.25191819452 31946.320317260757 0
v 31474.001202262538 31892.238774113186 0
v 31463.539982992672 31882.552286175865 0
v 31412.790699280893 31936.633831175335 0
v 29955.416468121697 31754.779516088834 0
v 29955.461028405476 31748.476749631787 0
v 29955.461028405476 31748.476749631787 57.3
v 29955.416468121697 31754.779516088834 57.3
v 29955.461028405476 31748.476749631787 0
v 29952.2113346806 31748.454612029884 0
v 29952.2113346806 31748.454612029884 57.3
v 29955.461028405476 31748.476749631787 57.3
v 29952.2113346806 31748.454612029884 0
v 29952.289324857902 31736.014941330955 0
v 29952.289324857902 31736.014941330955 57.3
v 29952.2113346806 31748.454612029884 57.3
v 29952.289324857902 31736.014941330955 0
v 29989.382577364733 31736.23635158562 0
v 29989.382577364733 31736.23635158562 57.3
v 29952.289324857902 31736.014941330955 57.3
v 29989.382577364733 31736.23635158562 0
v 29989.30458365816 31748.941401950684 0
v 29989.30458365816 31748.941401950684 57.3
v 29989.382577364733 31736.23635158562 57.3
v 29989.30458365816 31748.941401950684 0
v 29964.776073343306 31748.797481791535 0
v 29964.776073343306 31748.797481791535 57.3
v 29989.30458365816 31748.941401950684 57.3
v 29964.776073343306 31748.797481791535 0
v 29964.7426461212 31754.503144107584 0
v 29964.7426461212 31754.503144107584 57.3
v 29964.776073343306 31748.797481791535 57.3
v 29964.7426461212 31754.503144107584 0
v 29966.868301926686 31754.51421648754 0
v 29966.868301926686 31754.51421648754 57.3
v 29964.7426461212 31754.503144107584 57.3
v 29966.868301926686 31754.51421648754 0
v 29966.801446851176 31766.002943526324 0
v 29966.801446851176 31766.002943526324 57.3
v 29966.868301926686 31754.51421648754 57.3
v 29966.801446851176 31766.002943526324 0
v 29885.45894646151 31765.52691315277 0
v 29885.45894646151 31765.52691315277 57.3
v 29966.801446851176 31766.002943526324 57.3
v 29885.45894646151 31765.52691315277 0
v 29885.525796047605 31754.358853219637 0
v 29885.525796047605 31754.358853219637 57.3
v 29885.45894646151 31765.52691315277 57.3
v 29885.525796047605 31754.358853219637 0
v 29955.416468121697 31754.779516088834 0
v 29955.416468121697 31754.779516088834 57.3
v 29885.525796047605 31754.358853219637 57.3
v 29955.416468121697 31754.779516088834 57.3
v 29955.461028405476 31748.476749631787 57.3
v 29952.2113346806 31748.454612029884 57.3
v 29952.289324857902 31736.014941330955 57.3
v 29989.382577364733 31736.23635158562 57.3
v 29989.30458365816 31748.941401950684 57.3
v 29964.776073343306 31748.797481791535 57.3
v 29964.7426461212 31754.503144107584 57.3
v 29966.868301926686 31754.51421648754 57.3
v 29966.801446851176 31766.002943526324 57.3
v 29885.45894646151 31765.52691315277 57.3
v 29885.525796047605 31754.358853219637 57.3
v 29885.525796047605 31754.358853219637 0
v 29885.45894646151 31765.52691315277 0
v 29966.801446851176 31766.002943526324 0
v 29966.868301926686 31754.51421648754 0
v 29964.7426461212 31754.503144107584 0
v 29964.776073343306 31748.797481791535 0
v 29989.30458365816 31748.941401950684 0
v 29989.382577364733 31736.23635158562 0
v 29952.289324857902 31736.014941330955 0
v 29952.2113346806 31748.454612029884 0
v 29955.461028405476 31748.476749631787 0
v 29955.416468121697 31754.779516088834 0
v 29918.267827036154 31717.349671124688 0
v 29918.3235510187 31705.86094406515 0
v 29918.3235510187 31705.86094406515 4.1
v 29918.267827036154 31717.349671124688 4.1
v 29918.3235510187 31705.86094406515 0
v 29967.881388554033 31706.09349438169 0
v 29967.881388554033 31706.09349438169 4.1
v 29918.3235510187 31705.86094406515 4.1
v 29967.881388554033 31706.09349438169 0
v 29967.825662233423 31717.62645140108 0
v 29967.825662233423 31717.62645140108 4.1
v 29967.881388554033 31706.09349438169 4.1
v 29967.825662233423 31717.62645140108 0
v 29929.819821612684 31717.449267697313 0
v 29929.819821612684 31717.449267697313 4.1
v 29967.825662233423 31717.62645140108 4.1
v 29929.819821612684 31717.449267697313 0
v 29929.79753757971 31721.208812620167 0
v 29929.79753757971 31721.208812620167 4.1
v 29929.819821612684 31717.449267697313 4.1
v 29929.79753757971 31721.208812620167 0
v 29932.51303538951 31721.219888793097 0
v 29932.51303538951 31721.219888793097 4.1
v 29929.79753757971 31721.208812620167 4.1
v 29932.51303538951 31721.219888793097 0
v 29932.44617746947 31733.32783498326 0
v 29932.44617746947 31733.32783498326 4.1
v 29932.51303538951 31721.219888793097 4.1
v 29932.44617746947 31733.32783498326 0
v 29893.839368276913 31733.139594504722 0
v 29893.839368276913 31733.139594504722 4.1
v 29932.44617746947 31733.32783498326 4.1
v 29893.839368276913 31733.139594504722 0
v 29893.895095069765 31721.086935680025 0
v 29893.895095069765 31721.086935680025 4.1
v 29893.839368276913 31733.139594504722 4.1
v 29893.895095069765 31721.086935680025 0
v 29922.752823728206 31721.21982174824 0
v 29922.752823728206 31721.21982174824 4.1
v 29893.895095069765 31721.086935680025 4.1
v 29922.752823728206 31721.21982174824 0
v 29922.775108272814 31717.37181694199 0
v 29922.775108272814 31717.37181694199 4.1
v 29922.752823728206 31721.21982174824 4.1
v 29922.775108272814 31717.37181694199 0
v 29918.267827036154 31717.349671124688 0
v 29918.267827036154 31717.349671124688 4.1
v 29922.775108272814 31717.37181694199 4.1
v 29918.267827036154 31717.349671124688 4.1
v 29918.3235510187 31705.86094406515 4.1
v 29967.881388554033 31706.09349438169 4.1
v 29967.825662233423 31717.62645140108 4.1
v 29929.819821612684 31717.449267697313 4.1
v 29929.79753757971 31721.208812620167 4.1
v 29932.51303538951 31721.219888793097 4.1
v 29932.44617746947 31733.32783498326 4.1
v 29893.839368276913 31733.139594504722 4.1
v 29893.895095069765 31721.086935680025 4.1
v 29922.752823728206 31721.21982174824 4.1
v 29922.775108272814 31717.37181694199 4.1
v 29922.775108272814 31717.37181694199 0
v 29922.752823728206 31721.21982174824 0
v 29893.895095069765 31721.086935680025 0
v 29893.839368276913 31733.139594504722 0
v 29932.44617746947 31733.32783498326 0
v 29932.51303538951 31721.219888793097 0
v 29929.79753757971 31721.208812620167 0
v 29929.819821612684 31717.449267697313 0
v 29967.825662233423 31717.62645140108 0
v 29967.881388554033 31706.09349438169 0
v 29918.3235510187 31705.86094406515 0
v 29918.267827036154 31717.349671124688 0
f 3 4 1
f 1 2 3
f 7 8 5
f 5 6 7
f 11 12 9
f 9 10 11
f 15 16 13
f 13 14 15
f 19 20 17
f 17 18 19
f 23 24 21
f 21 22 23
f 27 28 25
f 25 26 27
f 31 32 29
f 29 30 31
f 35 36 33
f 33 34 35
f 39 40 37
f 37 38 39
f 43 44 41
f 41 42 43
f 47 48 45
f 45 46 47
f 51 52 49
f 49 50 51
f 55 56 53
f 53 54 55
f 59 60 57
f 57 58 59
f 63 64 61
f 61 62 63
f 67 68 65
f 65 66 67
f 71 72 69
f 69 70 71
f 75 76 73
f 73 74 75
f 79 80 77
f 77 78 79
f 83 84 81
f 81 82 83
f 87 88 85
f 85 86 87
f 91 92 89
f 89 90 91
f 95 96 93
f 93 94 95
f 120 97 98
f 98 99 100
f 101 102 103
f 105 106 107
f 109 110 111
f 113 114 115
f 117 118 119
f 98 100 101
f 101 103 104
f 105 107 108
f 109 111 112
f 113 115 116
f 117 119 120
f 98 101 104
f 104 105 108
f 108 109 112
f 113 116 117
f 117 120 98
f 98 104 108
f 113 117 98
f 98 108 112
f 112 113 98
f 143 144 121
f 121 122 123
f 125 126 127
f 129 130 131
f 133 134 135
f 137 138 139
f 140 141 142
f 142 143 121
f 121 123 124
f 125 127 128
f 129 131 132
f 133 135 136
f 137 139 140
f 142 121 124
f 124 125 128
f 129 132 133
f 133 136 137
f 137 140 142
f 142 124 128
f 129 133 137
f 142 128 129
f 129 137 142
f 147 148 145
f 145 146 147
f 151 152 149
f 149 150 151
f 155 156 153
f 153 154 155
f 159 160 157
f 157 158 159
f 163 164 161
f 161 162 163
f 167 168 165
f 165 166 167
f 171 172 169
f 169 170 171
f 175 176 173
f 173 174 175
f 179 180 177
f 177 178 179
f 183 184 181
f 181 182 183
f 187 188 185
f 185 186 187
f 191 192 189
f 189 190 191
f 195 196 193
f 193 194 195
f 199 200 197
f 197 198 199
f 203 204 201
f 201 202 203
f 207 208 205
f 205 206 207
f 211 212 209
f 209 210 211
f 215 216 213
f 213 214 215
f 221 222 217
f 217 218 219
f 220 221 217
f 217 219 220
f 227 228 223
f 223 224 225
f 225 226 227
f 227 223 225
f 231 232 229
f 229 230 231
f 235 236 233
f 233 234 235
f 239 240 237
f 237 238 239
f 243 244 241
f 241 242 243
f 247 248 245
f 245 246 247
f 251 252 249
f 249 250 251
f 255 256 253
f 253 254 255
f 259 260 257
f 257 258 259
f 263 264 261
f 261 262 263
f 267 268 265
f 265 266 267
f 271 272 269
f 269 270 271
f 275 276 273
f 273 274 275
f 279 280 277
f 277 278 279
f 283 284 281
f 281 282 283
f 287 288 285
f 285 286 287
f 291 292 289
f 289 290 291
f 295 296 293
f 293 294 295
f 299 300 297
f 297 298 299
f 303 304 301
f 301 302 303
f 310 311 305
f 305 306 307
f 307 308 309
f 309 310 305
f 305 307 309
f 317 318 312
f 312 313 314
f 314 315 316
f 317 312 314
f 314 316 317
f 321 322 319
f 319 320 321
f 325 326 323
f 323 324 325
f 329 330 327
f 327 328 329
f 333 334 331
f 331 332 333
f 337 338 335
f 335 336 337
f 341 342 339
f 339 340 341
f 345 346 343
f 343 344 345
f 349 350 347
f 347 348 349
f 353 354 351
f 351 352 353
f 357 358 355
f 355 356 357
f 361 362 359
f 359 360 361
f 365 366 363
f 363 364 365
f 369 370 367
f 367 368 369
f 373 374 371
f 371 372 373
f 377 378 375
f 375 376 377
f 381 382 379
f 379 380 381
f 385 386 383
f 383 384 385
f 389 390 387
f 387 388 389
f 393 394 391
f 391 392 393
f 397 398 395
f 395 396 397
f 401 402 399
f 399 400 401
f 405 406 403
f 403 404 405
f 409 410 407
f 407 408 409
f 413 414 411
f 411 412 413
f 417 418 415
f 415 416 417
f 421 422 419
f 419 420 421
f 425 426 423
f 423 424 425
f 429 430 427
f 427 428 429
f 433 434 431
f 431 432 433
f 437 438 435
f 435 436 437
f 441 442 439
f 439 440 441
f 445 446 443
f 443 444 445
f 449 450 447
f 447 448 449
f 453 454 451
f 451 452 453
f 457 458 455
f 455 456 457
f 461 462 459
f 459 460 461
f 465 466 463
f 463 464 465
f 469 470 467
f 467 468 469
f 473 474 471
f 471 472 473
f 477 478 475
f 475 476 477
f 481 482 479
f 479 480 481
f 485 486 483
f 483 484 485
f 510 487 488
f 488 489 490
f 491 492 493
f 495 496 497
f 499 500 501
f 503 504 505
f 507 508 509
f 488 490 491
f 491 493 494
f 495 497 498
f 499 501 502
f 503 505 506
f 507 509 510
f 488 491 494
f 494 495 498
f 498 499 502
f 503 506 507
f 507 510 488
f 488 494 498
f 503 507 488
f 488 498 502
f 502 503 488
f 533 534 511
f 511 512 513
f 515 516 517
f 519 520 521
f 523 524 525
f 527 528 529
f 530 531 532
f 532 533 511
f 511 513 514
f 515 517 518
f 519 521 522
f 523 525 526
f 527 529 530
f 532 511 514
f 514 515 518
f 519 522 523
f 523 526 527
f 527 530 532
f 532 514 518
f 519 523 527
f 532 518 519
f 519 527 532
f 537 538 535
f 535 536 537
f 541 542 539
f 539 540 541
f 545 546 543
f 543 544 545
f 549 550 547
f 547 548 549
f 553 554 551
f 551 552 553
f 557 558 555
f 555 556 557
f 561 562 559
f 559 560 561
f 565 566 563
f 563 564 565
f 569 570 567
f 567 568 569
f 573 574 571
f 571 572 573
f 577 578 575
f 575 576 577
f 581 582 579
f 579 580 581
f 585 586 583
f 583 584 585
f 589 590 587
f 587 588 589
f 593 594 591
f 591 592 593
f 603 595 596
f 597 598 599
f 599 600 601
f 601 602 603
f 603 596 597
f 597 599 601
f 601 603 597
f 611 612 604
f 604 605 606
f 606 607 608
f 608 609 610
f 610 611 604
f 604 606 608
f 608 610 604
f 615 616 613
f 613 614 615
f 619 620 617
f 617 618 619
f 623 624 621
f 621 622 623
f 627 628 625
f 625 626 627
f 631 632 629
f 629 630 631
f 635 636 633
f 633 634 635
f 639 640 637
f 637 638 639
f 643 644 641
f 641 642 643
f 647 648 645
f 645 646 647
f 651 652 649
f 649 650 651
f 655 656 653
f 653 654 655
f 659 660 657
f 657 658 659
f 663 664 661
f 661 662 663
f 667 668 665
f 665 666 667
f 671 672 669
f 669 670 671
f 675 676 673
f 673 674 675
f 679 680 677
f 677 678 679
f 683 684 681
f 681 682 683
f 687 688 685
f 685 686 687
f 691 692 689
f 689 690 691
f 695 696 693
f 693 694 695
f 699 700 697
f 697 698 699
f 703 704 701
f 701 702 703
f 707 708 705
f 705 706 707
f 711 712 709
f 709 710 711
f 715 716 713
f 713 714 715
f 729 730 717
f 718 719 720
f 720 721 722
f 722 723 724
f 724 725 726
f 727 728 729
f 717 718 720
f 720 722 724
f 724 726 727
f 727 729 717
f 717 720 724
f 724 727 717
f 744 731 732
f 732 733 734
f 734 735 736
f 737 738 739
f 739 740 741
f 741 742 743
f 744 732 734
f 734 736 737
f 737 739 741
f 741 743 744
f 744 734 737
f 737 741 744
f 747 748 745
f 745 746 747
f 751 752 749
f 749 750 751
f 755 756 753
f 753 754 755
f 759 760 757
f 757 758 759
f 763 764 761
f 761 762 763
f 768 769 765
f 766 767 768
f 768 765 766
f 773 774 770
f 770 771 772
f 772 773 770
f 777 778 775
f 775 776 777
f 781 782 779
f 779 780 781
f 785 786 783
f 783 784 785
f 789 790 787
f 787 788 789
f 793 794 791
f 791 792 793
f 798 799 795
f 795 796 797
f 797 798 795
f 803 804 800
f 800 801 802
f 802 803 800
f 807 808 805
f 805 806 807
f 811 812 809
f 809 810 811
f 815 816 813
f 813 814 815
f 819 820 817
f 817 818 819
f 823 824 821
f 821 822 823
f 827 828 825
f 825 826 827
f 873 874 871
f 871 872 873
f 877 878 875
f 875 876 877
f 881 882 879
f 879 880 881
f 885 886 883
f 883 884 885
f 889 890 887
f 887 888 889
f 893 894 891
f 891 892 893
f 897 898 895
f 895 896 897
f 901 902 899
f 899 900 901
f 905 906 903
f 903 904 905
f 909 910 907
f 907 908 909
f 913 914 911
f 911 912 913
f 917 918 915
f 915 916 917
f 921 922 919
f 919 920 921
f 925 926 923
f 923 924 925
f 939 940 927
f 927 928 929
f 931 932 933
f 933 934 935
f 938 939 927
f 927 929 930
f 930 931 933
f 933 935 936
f 937 938 927
f 930 933 936
f 937 927 930
f 930 936 937
f 954 941 942
f 945 946 947
f 947 948 949
f 951 952 953
f 954 942 943
f 945 947 949
f 950 951 953
f 953 954 943
f 944 945 949
f 953 943 944
f 944 949 950
f 950 953 944
f 831 832 829
f 829 830 831
f 835 836 833
f 833 834 835
f 839 840 837
f 837 838 839
f 843 844 841
f 841 842 843
f 847 848 845
f 845 846 847
f 851 852 849
f 849 850 851
f 855 856 853
f 853 854 855
f 862 863 857
f 857 858 859
f 860 861 862
f 862 857 859
f 859 860 862
f 869 870 864
f 864 865 866
f 868 869 864
f 864 866 867
f 867 868 864
f 957 958 955
f 955 956 957
f 961 962 959
f 959 960 961
f 965 966 963
f 963 964 965
f 969 970 967
f 967 968 969
f 973 974 971
f 971 972 973
f 977 978 975
f 975 976 977
f 981 982 979
f 979 980 981
f 985 986 983
f 983 984 985
f 989 990 987
f 987 988 989
f 993 994 991
f 991 992 993
f 997 998 995
f 995 996 997
f 1001 1002 999
f 999 1000 1001
f 1005 1006 1003
f 1003 1004 1005
f 1009 1010 1007
f 1007 1008 1009
f 1013 1014 1011
f 1011 1012 1013
f 1023 1015 1016
f 1016 1017 1018
f 1018 1019 1020
f 1021 1022 1023
f 1023 1016 1018
f 1018 1020 1021
f 1021 1023 1018
f 1031 1032 1024
f 1024 1025 1026
f 1026 1027 1028
f 1028 1029 1030
f 1030 1031 1024
f 1024 1026 1028
f 1028 1030 1024
f 1035 1036 1033
f 1033 1034 1035
f 1039 1040 1037
f 1037 1038 1039
f 1043 1044 1041
f 1041 1042 1043
f 1047 1048 1045
f 1045 1046 1047
f 1051 1052 1049
f 1049 1050 1051
f 1055 1056 1053
f 1053 1054 1055
f 1059 1060 1057
f 1057 1058 1059
f 1063 1064 1061
f 1061 1062 1063
f 1067 1068 1065
f 1065 1066 1067
f 1071 1072 1069
f 1069 1070 1071
f 1075 1076 1073
f 1073 1074 1075
f 1079 1080 1077
f 1077 1078 1079
f 1083 1084 1081
f 1081 1082 1083
f 1087 1088 1085
f 1085 1086 1087
f 1091 1092 1089
f 1089 1090 1091
f 1095 1096 1093
f 1093 1094 1095
f 1099 1100 1097
f 1097 1098 1099
f 1103 1104 1101
f 1101 1102 1103
f 1107 1108 1105
f 1105 1106 1107
f 1111 1112 1109
f 1109 1110 1111
f 1115 1116 1113
f 1113 1114 1115
f 1119 1120 1117
f 1117 1118 1119
f 1123 1124 1121
f 1121 1122 1123
f 1127 1128 1125
f 1125 1126 1127
f 1131 1132 1129
f 1129 1130 1131
f 1135 1136 1133
f 1133 1134 1135
f 1139 1140 1137
f 1137 1138 1139
f 1143 1144 1141
f 1141 1142 1143
f 1147 1148 1145
f 1145 1146 1147
f 1151 1152 1149
f 1149 1150 1151
f 1155 1156 1153
f 1153 1154 1155
f 1159 1160 1157
f 1157 1158 1159
f 1163 1164 1161
f 1161 1162 1163
f 1167 1168 1165
f 1165 1166 1167
f 1171 1172 1169
f 1169 1170 1171
f 1175 1176 1173
f 1173 1174 1175
f 1200 1177 1178
f 1178 1179 1180
f 1181 1182 1183
f 1185 1186 1187
f 1189 1190 1191
f 1193 1194 1195
f 1197 1198 1199
f 1178 1180 1181
f 1181 1183 1184
f 1185 1187 1188
f 1189 1191 1192
f 1193 1195 1196
f 1197 1199 1200
f 1178 1181 1184
f 1184 1185 1188
f 1188 1189 1192
f 1193 1196 1197
f 1197 1200 1178
f 1178 1184 1188
f 1193 1197 1178
f 1178 1188 1192
f 1192 1193 1178
f 1223 1224 1201
f 1201 1202 1203
f 1205 1206 1207
f 1209 1210 1211
f 1213 1214 1215
f 1217 1218 1219
f 1220 1221 1222
f 1222 1223 1201
f 1201 1203 1204
f 1205 1207 1208
f 1209 1211 1212
f 1213 1215 1216
f 1217 1219 1220
f 1222 1201 1204
f 1204 1205 1208
f 1209 1212 1213
f 1213 1216 1217
f 1217 1220 1222
f 1222 1204 1208
f 1209 1213 1217
f 1222 1208 1209
f 1209 1217 1222
f 1227 1228 1225
f 1225 1226 1227
f 1231 1232 1229
f 1229 1230 1231
f 1235 1236 1233
f 1233 1234 1235
f 1239 1240 1237
f 1237 1238 1239
f 1243 1244 1241
f 1241 1242 1243
f 1247 1248 1245
f 1245 1246 1247
f 1251 1252 1249
f 1249 1250 1251
f 1255 1256 1253
f 1253 1254 1255
f 1259 1260 1257
f 1257 1258 1259
f 1263 1264 1261
f 1261 1262 1263
f 1267 1268 1265
f 1265 1266 1267
f 1271 1272 1269
f 1269 1270 1271
f 1275 1276 1273
f 1273 1274 1275
f 1279 1280 1277
f 1277 1278 1279
f 1283 1284 1281
f 1281 1282 1283
f 1287 1288 1285
f 1285 1286 1287
f 1291 1292 1289
f 1290 1291 1289
f 1296 1297 1293
f 1293 1294 1295
f 1296 1293 1295
f 1300 1301 1298
f 1298 1299 1300
f 1304 1305 1302
f 1302 1303 1304
f 1308 1309 1306
f 1306 1307 1308
f 1312 1313 1310
f 1310 1311 1312
f 1316 1317 1314
f 1314 1315 1316
f 1320 1321 1318
f 1318 1319 1320
f 1324 1325 1322
f 1322 1323 1324
f 1327 1328 1329
f 1329 1330 1331
f 1326 1327 1329
f 1332 1326 1329
f 1333 1334 1335
f 1335 1336 1337
f 1333 1335 1337
f 1333 1337 1338
f 1341 1342 1339
f 1339 1340 1341
f 1345 1346 1343
f 1343 1344 1345
f 1349 1350 1347
f 1347 1348 1349
f 1353 1354 1351
f 1351 1352 1353
f 1357 1358 1355
f 1355 1356 1357
f 1361 1362 1359
f 1359 1360 1361
f 1365 1366 1363
f 1363 1364 1365
f 1369 1370 1367
f 1367 1368 1369
f 1373 1374 1371
f 1371 1372 1373
f 1377 1378 1375
f 1375 1376 1377
f 1381 1382 1379
f 1379 1380 1381
f 1385 1386 1383
f 1383 1384 1385
f 1391 1392 1387
f 1387 1388 1389
f 1389 1390 1391
f 1391 1387 1389
f 1397 1398 1393
f 1394 1395 1396
f 1397 1393 1394
f 1394 1396 1397
f 1401 1402 1399
f 1399 1400 1401
f 1405 1406 1403
f 1403 1404 1405
f 1409 1410 1407
f 1407 1408 1409
f 1413 1414 1411
f 1411 1412 1413
f 1417 1418 1415
f 1415 1416 1417
f 1421 1422 1419
f 1419 1420 1421
f 1425 1426 1423
f 1423 1424 1425
f 1429 1430 1427
f 1427 1428 1429
f 1433 1434 1431
f 1431 1432 1433
f 1437 1438 1435
f 1435 1436 1437
f 1441 1442 1439
f 1439 1440 1441
f 1445 1446 1443
f 1443 1444 1445
f 1449 1450 1447
f 1447 1448 1449
f 1453 1454 1451
f 1451 1452 1453
f 1457 1458 1455
f 1455 1456 1457
f 1461 1462 1459
f 1459 1460 1461
f 1465 1466 1463
f 1463 1464 1465
f 1469 1470 1467
f 1467 1468 1469
f 1473 1474 1471
f 1471 1472 1473
f 1477 1478 1475
f 1475 1476 1477
f 1481 1482 1479
f 1479 1480 1481
f 1485 1486 1483
f 1483 1484 1485
f 1489 1490 1487
f 1487 1488 1489
f 1493 1494 1491
f 1491 1492 1493
f 1505 1506 1495
f 1496 1497 1498
f 1499 1500 1501
f 1501 1502 1503
f 1505 1495 1496
f 1496 1498 1499
f 1501 1503 1504
f 1505 1496 1499
f 1499 1501 1504
f 1504 1505 1499
f 1517 1518 1507
f 1509 1510 1511
f 1512 1513 1514
f 1514 1515 1516
f 1517 1507 1508
f 1509 1511 1512
f 1514 1516 1517
f 1508 1509 1512
f 1514 1517 1508
f 1508 1512 1514
f 1521 1522 1519
f 1519 1520 1521
f 1525 1526 1523
f 1523 1524 1525
f 1529 1530 1527
f 1527 1528 1529
f 1533 1534 1531
f 1531 1532 1533
f 1537 1538 1535
f 1535 1536 1537
f 1541 1542 1539
f 1539 1540 1541
f 1545 1546 1543
f 1543 1544 1545
f 1549 1550 1547
f 1547 1548 1549
f 1553 1554 1551
f 1551 1552 1553
f 1557 1558 1555
f 1555 1556 1557
f 1561 1562 1559
f 1559 1560 1561
f 1572 1573 1563
f 1563 1564 1565
f 1565 1566 1567
f 1567 1568 1569
f 1569 1570 1571
f 1571 1572 1563
f 1563 1565 1567
f 1567 1569 1571
f 1571 1563 1567
f 1583 1584 1574
f 1574 1575 1576
f 1576 1577 1578
f 1578 1579 1580
f 1580 1581 1582
f 1582 1583 1574
f 1574 1576 1578
f 1578 1580 1582
f 1582 1574 1578
f 1587 1588 1585
f 1585 1586 1587
f 1591 1592 1589
f 1589 1590 1591
f 1595 1596 1593
f 1593 1594 1595
f 1599 1600 1597
f 1597 1598 1599
f 1603 1604 1601
f 1601 1602 1603
f 1607 1608 1605
f 1605 1606 1607
f 1611 1612 1609
f 1609 1610 1611
f 1615 1616 1613
f 1613 1614 1615
f 1619 1620 1617
f 1617 1618 1619
f 1623 1624 1621
f 1621 1622 1623
f 1627 1628 1625
f 1625 1626 1627
f 1631 1632 1629
f 1629 1630 1631
f 1635 1636 1633
f 1633 1634 1635
f 1639 1640 1637
f 1637 1638 1639
f 1643 1644 1641
f 1641 1642 1643
f 1647 1648 1645
f 1645 1646 1647
f 1651 1652 1649
f 1649 1650 1651
f 1655 1656 1653
f 1653 1654 1655
f 1659 1660 1657
f 1657 1658 1659
f 1663 1664 1661
f 1661 1662 1663
f 1667 1668 1665
f 1665 1666 1667
f 1671 1672 1669
f 1669 1670 1671
f 1675 1676 1673
f 1673 1674 1675
f 1679 1680 1677
f 1677 1678 1679
f 1685 1686 1681
f 1681 1682 1683
f 1683 1684 1685
f 1685 1681 1683
f 1691 1692 1687
f 1688 1689 1690
f 1691 1687 1688
f 1688 1690 1691
f 1695 1696 1693
f 1693 1694 1695
f 1699 1700 1697
f 1697 1698 1699
f 1703 1704 1701
f 1701 1702 1703
f 1707 1708 1705
f 1705 1706 1707
f 1711 1712 1709
f 1709 1710 1711
f 1715 1716 1713
f 1713 1714 1715
f 1719 1720 1717
f 1717 1718 1719
f 1723 1724 1721
f 1721 1722 1723
f 1727 1728 1725
f 1725 1726 1727
f 1731 1732 1729
f 1729 1730 1731
f 1735 1736 1733
f 1733 1734 1735
f 1739 1740 1737
f 1737 1738 1739
f 1743 1744 1741
f 1741 1742 1743
f 1747 1748 1745
f 1745 1746 1747
f 1751 1752 1749
f 1749 1750 1751
f 1755 1756 1753
f 1753 1754 1755
f 1759 1760 1757
f 1757 1758 1759
f 1763 1764 1761
f 1761 1762 1763
f 1767 1768 1765
f 1765 1766 1767
f 1771 1772 1769
f 1769 1770 1771
f 1775 1776 1773
f 1773 1774 1775
f 1779 1780 1777
f 1777 1778 1779
f 1783 1784 1781
f 1781 1782 1783
f 1787 1788 1785
f 1785 1786 1787
f 1791 1792 1789
f 1789 1790 1791
f 1795 1796 1793
f 1793 1794 1795
f 1799 1800 1797
f 1797 1798 1799
f 1803 1804 1801
f 1801 1802 1803
f 1807 1808 1805
f 1805 1806 1807
f 1811 1812 1809
f 1809 1810 1811
f 1815 1816 1817
f 1817 1818 1819
f 1820 1821 1822
f 1822 1835 1836
f 1836 1840 1841
f 1834 1835 1822
f 1823 1824 1825
f 1826 1827 1828
f 1828 1829 1830
f 1830 1813 1814
f 1815 1817 1819
f 1820 1822 1836
f 1836 1841 1842
f 1840 1836 1831
f 1834 1822 1823
f 1823 1825 1826
f 1828 1830 1814
f 1814 1815 1819
f 1820 1836 1842
f 1840 1831 1832
f 1833 1834 1823
f 1823 1826 1828
f 1814 1819 1820
f 1820 1842 1837
f 1839 1840 1832
f 1833 1823 1828
f 1814 1820 1837
f 1839 1832 1833
f 1828 1814 1837
f 1839 1833 1828
f 1828 1837 1838
f 1838 1839 1828
f 1843 1844 1845
f 1845 1846 1847
f 1847 1848 1849
f 1867 1868 1869
f 1861 1862 1851
f 1851 1852 1853
f 1853 1854 1855
f 1855 1856 1857
f 1859 1860 1843
f 1845 1847 1849
f 1850 1851 1862
f 1867 1869 1861
f 1861 1851 1853
f 1853 1855 1857
f 1858 1859 1843
f 1845 1849 1850
f 1850 1862 1863
f 1865 1866 1861
f 1872 1867 1861
f 1861 1853 1857
f 1845 1850 1863
f 1865 1861 1869
f 1861 1857 1858
f 1845 1863 1864
f 1864 1865 1869
f 1872 1861 1858
f 1864 1869 1870
f 1872 1858 1843
f 1845 1864 1870
f 1871 1872 1843
f 1845 1870 1871
f 1871 1843 1845
f 1875 1876 1873
f 1873 1874 1875
f 1879 1880 1877
f 1877 1878 1879
f 1883 1884 1881
f 1881 1882 1883
f 1887 1888 1885
f 1885 1886 1887
f 1891 1892 1889
f 1889 1890 1891
f 1895 1896 1893
f 1893 1894 1895
f 1899 1900 1897
f 1897 1898 1899
f 1903 1904 1901
f 1901 1902 1903
f 1907 1908 1905
f 1905 1906 1907
f 1911 1912 1909
f 1909 1910 1911
f 1921 1922 1913
f 1914 1915 1916
f 1917 1918 1919
f 1920 1921 1913
f 1914 1916 1917
f 1917 1919 1920
f 1920 1913 1914
f 1914 1917 1920
f 1931 1932 1923
f 1923 1924 1925
f 1925 1926 1927
f 1928 1929 1930
f 1930 1931 1923
f 1923 1925 1927
f 1928 1930 1923
f 1923 1927 1928
f 1935 1936 1933
f 1933 1934 1935
f 1939 1940 1937
f 1937 1938 1939
f 1943 1944 1941
f 1941 1942 1943
f 1947 1948 1945
f 1945 1946 1947
f 1951 1952 1949
f 1949 1950 1951
f 1955 1956 1953
f 1953 1954 1955
f 1959 1960 1957
f 1957 1958 1959
f 1963 1964 1961
f 1961 1962 1963
f 1971 1972 1965
f 1965 1966 1967
f 1967 1968 1969
f 1970 1971 1965
f 1967 1969 1970
f 1970 1965 1967
f 1979 1980 1973
f 1973 1974 1975
f 1975 1976 1977
f 1978 1979 1973
f 1973 1975 1977
f 1977 1978 1973
f 1983 1984 1981
f 1981 1982 1983
f 1987 1988 1985
f 1985 1986 1987
f 1991 1992 1989
f 1989 1990 1991
f 1995 1996 1993
f 1993 1994 1995
f 1999 2000 1997
f 1997 1998 1999
f 2004 2005 2001
f 2001 2002 2003
f 2003 2004 2001
f 2009 2010 2006
f 2006 2007 2008
f 2008 2009 2006
f 2013 2014 2011
f 2011 2012 2013
f 2017 2018 2015
f 2015 2016 2017
f 2021 2022 2019
f 2019 2020 2021
f 2025 2026 2023
f 2023 2024 2025
f 2029 2030 2027
f 2027 2028 2029
f 2033 2034 2031
f 2031 2032 2033
f 2037 2038 2035
f 2035 2036 2037
f 2041 2042 2039
f 2039 2040 2041
f 2045 2046 2043
f 2043 2044 2045
f 2054 2055 2047
f 2047 2048 2049
f 2051 2052 2053
f 2047 2049 2050
f 2051 2053 2054
f 2054 2047 2050
f 2050 2051 2054
f 2064 2056 2057
f 2057 2058 2059
f 2061 2062 2063
f 2057 2059 2060
f 2061 2063 2064
f 2064 2057 2060
f 2060 2061 2064
f 2067 2068 2065
f 2065 2066 2067
f 2071 2072 2069
f 2069 2070 2071
f 2075 2076 2073
f 2073 2074 2075
f 2079 2080 2077
f 2077 2078 2079
f 2083 2084 2081
f 2081 2082 2083
f 2087 2088 2085
f 2085 2086 2087
f 2091 2092 2089
f 2089 2090 2091
f 2095 2096 2093
f 2093 2094 2095
f 2099 2100 2097
f 2097 2098 2099
f 2103 2104 2101
f 2101 2102 2103
f 2107 2108 2105
f 2105 2106 2107
f 2118 2119 2109
f 2110 2111 2112
f 2114 2115 2116
f 2117 2118 2109
f 2110 2112 2113
f 2114 2116 2117
f 2109 2110 2113
f 2113 2114 2117
f 2117 2109 2113
f 2129 2130 2120
f 2120 2121 2122
f 2122 2123 2124
f 2126 2127 2128
f 2122 2124 2125
f 2126 2128 2129
f 2120 2122 2125
f 2126 2129 2120
f 2120 2125 2126
f 2133 2134 2131
f 2131 2132 2133
f 2137 2138 2135
f 2135 2136 2137
f 2141 2142 2139
f 2139 2140 2141
f 2145 2146 2143
f 2143 2144 2145
f 2149 2150 2147
f 2147 2148 2149
f 2153 2154 2151
f 2151 2152 2153
f 2157 2158 2155
f 2155 2156 2157
f 2161 2162 2159
f 2159 2160 2161
f 2165 2166 2163
f 2163 2164 2165
f 2175 2167 2168
f 2170 2171 2172
f 2173 2174 2175
f 2175 2168 2169
f 2170 2172 2173
f 2175 2169 2170
f 2170 2173 2175
f 2183 2184 2176
f 2176 2177 2178
f 2178 2179 2180
f 2182 2183 2176
f 2178 2180 2181
f 2181 2182 2176
f 2176 2178 2181
f 2187 2188 2185
f 2185 2186 2187
f 2191 2192 2189
f 2189 2190 2191
f 2195 2196 2193
f 2193 2194 2195
f 2199 2200 2197
f 2197 2198 2199
f 2203 2204 2201
f 2201 2202 2203
f 2207 2208 2205
f 2205 2206 2207
f 2211 2212 2209
f 2209 2210 2211
f 2215 2216 2213
f 2213 2214 2215
f 2219 2220 2217
f 2217 2218 2219
f 2223 2224 2221
f 2221 2222 2223
f 2227 2228 2225
f 2225 2226 2227
f 2232 2233 2229
f 2229 2230 2231
f 2231 2232 2229
f 2237 2238 2234
f 2235 2236 2237
f 2237 2234 2235
f 2241 2242 2239
f 2239 2240 2241
f 2245 2246 2243
f 2243 2244 2245
f 2249 2250 2247
f 2247 2248 2249
f 2253 2254 2251
f 2251 2252 2253
f 2257 2258 2255
f 2255 2256 2257
f 2261 2262 2259
f 2259 2260 2261
f 2265 2266 2263
f 2263 2264 2265
f 2269 2270 2267
f 2267 2268 2269
f 2273 2274 2271
f 2271 2272 2273
f 2277 2278 2275
f 2275 2276 2277
f 2287 2288 2279
f 2280 2281 2282
f 2285 2286 2287
f 2280 2282 2283
f 2284 2285 2287
f 2279 2280 2283
f 2284 2287 2279
f 2279 2283 2284
f 2298 2289 2290
f 2290 2291 2292
f 2294 2295 2296
f 2298 2290 2292
f 2294 2296 2297
f 2298 2292 2293
f 2293 2294 2297
f 2297 2298 2293
f 2301 2302 2299
f 2299 2300 2301
f 2305 2306 2303
f 2303 2304 2305
f 2309 2310 2307
f 2307 2308 2309
f 2313 2314 2311
f 2311 2312 2313
f 2317 2318 2315
f 2315 2316 2317
f 2322 2323 2319
f 2319 2320 2321
f 2321 2322 2319
f 2327 2328 2324
f 2325 2326 2327
f 2327 2324 2325
f 2331 2332 2329
f 2329 2330 2331
f 2335 2336 2333
f 2333 2334 2335
f 2339 2340 2337
f 2337 2338 2339
f 2343 2344 2341
f 2341 2342 2343
f 2347 2348 2345
f 2345 2346 2347
f 2351 2352 2349
f 2349 2350 2351
f 2355 2356 2353
f 2353 2354 2355
f 2359 2360 2357
f 2357 2358 2359
f 2363 2364 2361
f 2361 2362 2363
f 2367 2368 2365
f 2365 2366 2367
f 2371 2372 2369
f 2369 2370 2371
f 2375 2376 2373
f 2373 2374 2375
f 2379 2380 2377
f 2377 2378 2379
f 2383 2384 2381
f 2381 2382 2383
f 2387 2388 2385
f 2385 2386 2387
f 2391 2392 2389
f 2389 2390 2391
f 2395 2396 2393
f 2393 2394 2395
f 2399 2400 2397
f 2397 2398 2399
f 2403 2404 2401
f 2401 2402 2403
f 2407 2408 2405
f 2405 2406 2407
f 2411 2412 2409
f 2409 2410 2411
f 2415 2416 2413
f 2413 2414 2415
f 2419 2420 2417
f 2417 2418 2419
f 2423 2424 2421
f 2421 2422 2423
f 2427 2428 2425
f 2425 2426 2427
f 2431 2432 2429
f 2429 2430 2431
f 2435 2436 2433
f 2433 2434 2435
f 2439 2440 2437
f 2437 2438 2439
f 2443 2444 2441
f 2441 2442 2443
f 2447 2448 2445
f 2445 2446 2447
f 2451 2452 2449
f 2449 2450 2451
f 2455 2456 2453
f 2453 2454 2455
f 2459 2460 2457
f 2457 2458 2459
f 2463 2464 2461
f 2461 2462 2463
f 2492 2465 2466
f 2466 2467 2468
f 2468 2469 2470
f 2470 2471 2472
f 2473 2474 2475
f 2476 2477 2478
f 2479 2480 2481
f 2482 2483 2484
f 2484 2485 2486
f 2487 2488 2489
f 2492 2466 2468
f 2468 2470 2472
f 2473 2475 2476
f 2479 2481 2482
f 2482 2484 2486
f 2487 2489 2490
f 2491 2492 2468
f 2468 2472 2473
f 2473 2476 2478
f 2478 2479 2482
f 2482 2486 2487
f 2487 2490 2491
f 2491 2468 2473
f 2478 2482 2487
f 2487 2491 2473
f 2473 2478 2487
f 2519 2520 2493
f 2495 2496 2497
f 2498 2499 2500
f 2500 2501 2502
f 2503 2504 2505
f 2507 2508 2509
f 2509 2510 2511
f 2513 2514 2515
f 2515 2516 2517
f 2517 2518 2519
f 2495 2497 2498
f 2498 2500 2502
f 2503 2505 2506
f 2507 2509 2511
f 2512 2513 2515
f 2517 2519 2493
f 2494 2495 2498
f 2498 2502 2503
f 2503 2506 2507
f 2507 2511 2512
f 2512 2515 2517
f 2517 2493 2494
f 2494 2498 2503
f 2507 2512 2517
f 2517 2494 2503
f 2503 2507 2517
f 2523 2524 2521
f 2521 2522 2523
f 2527 2528 2525
f 2525 2526 2527
f 2531 2532 2529
f 2529 2530 2531
f 2535 2536 2533
f 2533 2534 2535
f 2539 2540 2537
f 2537 2538 2539
f 2543 2544 2541
f 2541 2542 2543
f 2547 2548 2545
f 2545 2546 2547
f 2551 2552 2549
f 2549 2550 2551
f 2555 2556 2553
f 2553 2554 2555
f 2559 2560 2557
f 2557 2558 2559
f 2563 2564 2561
f 2561 2562 2563
f 2567 2568 2565
f 2565 2566 2567
f 2579 2580 2569
f 2571 2572 2573
f 2573 2574 2575
f 2577 2578 2579
f 2579 2569 2570
f 2573 2575 2576
f 2576 2577 2579
f 2579 2570 2571
f 2571 2573 2576
f 2576 2579 2571
f 2591 2592 2581
f 2582 2583 2584
f 2585 2586 2587
f 2587 2588 2589
f 2591 2581 2582
f 2582 2584 2585
f 2585 2587 2589
f 2590 2591 2582
f 2585 2589 2590
f 2590 2582 2585
f 2595 2596 2593
f 2593 2594 2595
f 2599 2600 2597
f 2597 2598 2599
f 2603 2604 2601
f 2601 2602 2603
f 2607 2608 2605
f 2605 2606 2607
f 2611 2612 2609
f 2609 2610 2611
f 2615 2616 2613
f 2613 2614 2615
f 2619 2620 2617
f 2617 2618 2619
f 2623 2624 2621
f 2621 2622 2623
f 2627 2628 2625
f 2625 2626 2627
f 2631 2632 2629
f 2629 2630 2631
f 2635 2636 2633
f 2633 2634 2635
f 2639 2640 2637
f 2637 2638 2639
f 2643 2644 2641
f 2641 2642 2643
f 2647 2648 2645
f 2645 2646 2647
f 2651 2652 2649
f 2649 2650 2651
f 2655 2656 2653
f 2653 2654 2655
f 2659 2660 2657
f 2657 2658 2659
f 2676 2677 2661
f 2661 2662 2663
f 2664 2665 2666
f 2666 2667 2668
f 2669 2670 2671
f 2673 2674 2675
f 2675 2676 2661
f 2663 2664 2666
f 2666 2668 2669
f 2669 2671 2672
f 2673 2675 2661
f 2663 2666 2669
f 2672 2673 2661
f 2661 2663 2669
f 2669 2672 2661
f 2693 2694 2678
f 2678 2679 2680
f 2680 2681 2682
f 2683 2684 2685
f 2687 2688 2689
f 2689 2690 2691
f 2692 2693 2678
f 2678 2680 2682
f 2683 2685 2686
f 2686 2687 2689
f 2689 2691 2692
f 2692 2678 2682
f 2683 2686 2689
f 2689 2692 2682
f 2682 2683 2689
f 2697 2698 2695
f 2695 2696 2697
f 2701 2702 2699
f 2699 2700 2701
f 2705 2706 2703
f 2703 2704 2705
f 2709 2710 2707
f 2707 2708 2709
f 2713 2714 2711
f 2711 2712 2713
f 2717 2718 2715
f 2715 2716 2717
f 2721 2722 2719
f 2719 2720 2721
f 2725 2726 2723
f 2723 2724 2725
f 2733 2734 2727
f 2727 2728 2729
f 2730 2731 2732
f 2733 2727 2729
f 2729 2730 2732
f 2732 2733 2729
f 2741 2742 2735
f 2735 2736 2737
f 2737 2738 2739
f 2740 2741 2735
f 2735 2737 2739
f 2739 2740 2735
f 2745 2746 2743
f 2743 2744 2745
f 2749 2750 2747
f 2747 2748 2749
f 2753 2754 2751
f 2751 2752 2753
f 2757 2758 2755
f 2755 2756 2757
f 2761 2762 2759
f 2759 2760 2761
f 2765 2766 2763
f 2763 2764 2765
f 2769 2770 2767
f 2767 2768 2769
f 2773 2774 2771
f 2771 2772 2773
f 2777 2778 2775
f 2775 2776 2777
f 2781 2782 2779
f 2779 2780 2781
f 2785 2786 2783
f 2783 2784 2785
f 2789 2790 2787
f 2787 2788 2789
f 2793 2794 2791
f 2791 2792 2793
f 2797 2798 2795
f 2795 2796 2797
f 2801 2802 2799
f 2799 2800 2801
f 2805 2806 2803
f 2803 2804 2805
f 2809 2810 2807
f 2807 2808 2809
f 2813 2814 2811
f 2811 2812 2813
f 2817 2818 2815
f 2815 2816 2817
f 2821 2822 2819
f 2819 2820 2821
f 2825 2826 2823
f 2823 2824 2825
f 2829 2830 2827
f 2827 2828 2829
f 2833 2834 2831
f 2831 2832 2833
f 2837 2838 2835
f 2835 2836 2837
f 2841 2842 2839
f 2839 2840 2841
f 2845 2846 2843
f 2843 2844 2845
f 2849 2850 2847
f 2847 2848 2849
f 2853 2854 2851
f 2851 2852 2853
f 2857 2858 2855
f 2855 2856 2857
f 2861 2862 2859
f 2859 2860 2861
f 2891 2892 2863
f 2863 2864 2865
f 2866 2867 2868
f 2868 2869 2870
f 2872 2873 2874
f 2876 2877 2878
f 2878 2879 2880
f 2883 2884 2885
f 2887 2888 2889
f 2891 2863 2865
f 2868 2870 2871
f 2872 2874 2875
f 2876 2878 2880
f 2883 2885 2886
f 2887 2889 2890
f 2891 2865 2866
f 2866 2868 2871
f 2875 2876 2880
f 2882 2883 2886
f 2887 2890 2891
f 2891 2866 2871
f 2872 2875 2880
f 2882 2886 2887
f 2887 2891 2871
f 2872 2880 2881
f 2887 2871 2872
f 2872 2881 2882
f 2882 2887 2872
f 2921 2922 2893
f 2895 2896 2897
f 2899 2900 2901
f 2904 2905 2906
f 2906 2907 2908
f 2910 2911 2912
f 2914 2915 2916
f 2917 2918 2919
f 2920 2921 2893
f 2895 2897 2898
f 2898 2899 2901
f 2903 2904 2906
f 2906 2908 2909
f 2910 2912 2913
f 2914 2916 2917
f 2919 2920 2893
f 2894 2895 2898
f 2898 2901 2902
f 2902 2903 2906
f 2906 2909 2910
f 2913 2914 2917
f 2917 2919 2893
f 2894 2898 2902
f 2902 2906 2910
f 2913 2917 2893
f 2894 2902 2910
f 2910 2913 2893
f 2893 2894 2910
f 2925 2926 2923
f 2923 2924 2925
f 2929 2930 2927
f 2927 2928 2929
f 2933 2934 2931
f 2931 2932 2933
f 2937 2938 2935
f 2935 2936 2937
f 2941 2942 2939
f 2939 2940 2941
f 2945 2946 2943
f 2943 2944 2945
f 2949 2950 2947
f 2947 2948 2949
f 2953 2954 2951
f 2951 2952 2953
f 2957 2958 2955
f 2955 2956 2957
f 2961 2962 2959
f 2959 2960 2961
f 2965 2966 2963
f 2963 2964 2965
f 2969 2970 2967
f 2967 2968 2969
f 2973 2974 2971
f 2971 2972 2973
f 2977 2978 2975
f 2975 2976 2977
f 2981 2982 2979
f 2979 2980 2981
f 2985 2986 2983
f 2983 2984 2985
f 3001 3002 2987
f 2987 2988 2989
f 2989 2990 2991
f 2994 2995 2996
f 2996 2997 2998
f 2998 2999 3000
f 2989 2991 2992
f 2996 2998 3000
f 2987 2989 2992
f 2994 2996 3000
f 2987 2992 2993
f 2993 2994 3000
f 3001 2987 2993
f 2993 3000 3001
f 3017 3018 3003
f 3005 3006 3007
f 3007 3008 3009
f 3009 3010 3011
f 3013 3014 3015
f 3015 3016 3017
f 3017 3003 3004
f 3005 3007 3009
f 3013 3015 3017
f 3004 3005 3009
f 3012 3013 3017
f 3004 3009 3011
f 3012 3017 3004
f 3004 3011 3012
f 3021 3022 3019
f 3019 3020 3021
f 3025 3026 3023
f 3023 3024 3025
f 3029 3030 3027
f 3027 3028 3029
f 3033 3034 3031
f 3031 3032 3033
f 3037 3038 3035
f 3035 3036 3037
f 3041 3042 3039
f 3039 3040 3041
f 3045 3046 3043
f 3043 3044 3045
f 3049 3050 3047
f 3047 3048 3049
f 3058 3051 3052
f 3053 3054 3055
f 3055 3056 3057
f 3058 3052 3053
f 3055 3057 3058
f 3058 3053 3055
f 3065 3066 3059
f 3059 3060 3061
f 3061 3062 3063
f 3064 3065 3059
f 3059 3061 3063
f 3063 3064 3059
f 3069 3070 3067
f 3067 3068 3069
f 3073 3074 3071
f 3071 3072 3073
f 3077 3078 3075
f 3075 3076 3077
f 3081 3082 3079
f 3079 3080 3081
f 3085 3086 3083
f 3083 3084 3085
f 3089 3090 3087
f 3087 3088 3089
f 3093 3094 3091
f 3091 3092 3093
f 3097 3098 3095
f 3095 3096 3097
f 3101 3102 3099
f 3099 3100 3101
f 3110 3111 3103
f 3103 3104 3105
f 3105 3106 3107
f 3109 3110 3103
f 3103 3105 3107
f 3108 3109 3103
f 3103 3107 3108
f 3119 3120 3112
f 3112 3113 3114
f 3115 3116 3117
f 3117 3118 3119
f 3119 3112 3114
f 3114 3115 3117
f 3117 3119 3114
f 3123 3124 3121
f 3121 3122 3123
f 3127 3128 3125
f 3125 3126 3127
f 3131 3132 3129
f 3129 3130 3131
f 3135 3136 3133
f 3133 3134 3135
f 3139 3140 3137
f 3137 3138 3139
f 3143 3144 3141
f 3141 3142 3143
f 3147 3148 3145
f 3145 3146 3147
f 3151 3152 3149
f 3149 3150 3151
f 3155 3156 3153
f 3153 3154 3155
f 3164 3165 3157
f 3157 3158 3159
f 3159 3160 3161
f 3161 3162 3163
f 3163 3164 3157
f 3157 3159 3161
f 3161 3163 3157
f 3174 3166 3167
f 3168 3169 3170
f 3170 3171 3172
f 3172 3173 3174
f 3174 3167 3168
f 3168 3170 3172
f 3172 3174 3168
f 3177 3178 3175
f 3175 3176 3177
f 3181 3182 3179
f 3179 3180 3181
f 3185 3186 3183
f 3183 3184 3185
f 3189 3190 3187
f 3187 3188 3189
f 3193 3194 3191
f 3191 3192 3193
f 3197 3198 3195
f 3195 3196 3197
f 3203 3204 3199
f 3199 3200 3201
f 3201 3202 3203
f 3203 3199 3201
f 3210 3205 3206
f 3206 3207 3208
f 3208 3209 3210
f 3210 3206 3208
f 3213 3214 3211
f 3211 3212 3213
f 3217 3218 3215
f 3215 3216 3217
f 3221 3222 3219
f 3219 3220 3221
f 3225 3226 3223
f 3223 3224 3225
f 3229 3230 3227
f 3227 3228 3229
f 3233 3234 3231
f 3231 3232 3233
f 3239 3240 3235
f 3235 3236 3237
f 3238 3239 3235
f 3235 3237 3238
f 3246 3241 3242
f 3243 3244 3245
f 3246 3242 3243
f 3243 3245 3246
f 3249 3250 3247
f 3247 3248 3249
f 3253 3254 3251
f 3251 3252 3253
f 3257 3258 3255
f 3255 3256 3257
f 3261 3262 3259
f 3259 3260 3261
f 3265 3266 3263
f 3263 3264 3265
f 3269 3270 3267
f 3267 3268 3269
f 3273 3274 3271
f 3271 3272 3273
f 3277 3278 3275
f 3275 3276 3277
f 3281 3282 3279
f 3279 3280 3281
f 3285 3286 3283
f 3283 3284 3285
f 3289 3290 3287
f 3287 3288 3289
f 3293 3294 3291
f 3291 3292 3293
f 3297 3298 3295
f 3295 3296 3297
f 3301 3302 3299
f 3299 3300 3301
f 3305 3306 3303
f 3303 3304 3305
f 3309 3310 3307
f 3307 3308 3309
f 3313 3314 3311
f 3311 3312 3313
f 3317 3318 3315
f 3315 3316 3317
f 3321 3322 3319
f 3319 3320 3321
f 3325 3326 3323
f 3323 3324 3325
f 3329 3330 3327
f 3327 3328 3329
f 3333 3334 3331
f 3331 3332 3333
f 3337 3338 3335
f 3335 3336 3337
f 3341 3342 3339
f 3339 3340 3341
f 3963 3964 3961
f 3961 3962 3963
f 3967 3968 3965
f 3965 3966 3967
f 3971 3972 3969
f 3969 3970 3971
f 3975 3976 3973
f 3973 3974 3975
f 3979 3980 3977
f 3977 3978 3979
f 3983 3984 3981
f 3981 3982 3983
f 3987 3988 3985
f 3985 3986 3987
f 3991 3992 3989
f 3989 3990 3991
f 3995 3996 3993
f 3993 3994 3995
f 3999 4000 3997
f 3997 3998 3999
f 4003 4004 4001
f 4001 4002 4003
f 4007 4008 4005
f 4005 4006 4007
f 4020 4009 4010
f 4010 4011 4012
f 4014 4015 4016
f 4016 4017 4018
f 4020 4010 4012
f 4016 4018 4019
f 4020 4012 4013
f 4014 4016 4019
f 4019 4020 4013
f 4013 4014 4019
f 4031 4032 4021
f 4022 4023 4024
f 4024 4025 4026
f 4028 4029 4030
f 4030 4031 4021
f 4022 4024 4026
f 4028 4030 4021
f 4022 4026 4027
f 4027 4028 4021
f 4021 4022 4027
f 3345 3346 3343
f 3343 3344 3345
f 3349 3350 3347
f 3347 3348 3349
f 3353 3354 3351
f 3351 3352 3353
f 3357 3358 3355
f 3355 3356 3357
f 3361 3362 3359
f 3359 3360 3361
f 3365 3366 3363
f 3363 3364 3365
f 3369 3370 3367
f 3367 3368 3369
f 3373 3374 3371
f 3371 3372 3373
f 3377 3378 3375
f 3375 3376 3377
f 3381 3382 3379
f 3379 3380 3381
f 3385 3386 3383
f 3383 3384 3385
f 3389 3390 3387
f 3387 3388 3389
f 3393 3394 3391
f 3391 3392 3393
f 3397 3398 3395
f 3395 3396 3397
f 3399 3400 3401
f 3403 3404 3405
f 3399 3401 3402
f 3403 3405 3406
f 3406 3399 3402
f 3402 3403 3406
f 3407 3408 3409
f 3411 3412 3413
f 3407 3409 3410
f 3411 3413 3414
f 3414 3407 3410
f 3410 3411 3414
f 3417 3418 3415
f 3415 3416 3417
f 3421 3422 3419
f 3419 3420 3421
f 3425 3426 3423
f 3423 3424 3425
f 3429 3430 3427
f 3427 3428 3429
f 3433 3434 3431
f 3431 3432 3433
f 3437 3438 3435
f 3435 3436 3437
f 3441 3442 3439
f 3439 3440 3441
f 3445 3446 3443
f 3443 3444 3445
f 3449 3450 3447
f 3447 3448 3449
f 3453 3454 3451
f 3451 3452 3453
f 3457 3458 3455
f 3455 3456 3457
f 3461 3462 3459
f 3459 3460 3461
f 3465 3466 3463
f 3463 3464 3465
f 3469 3470 3467
f 3467 3468 3469
f 3473 3474 3471
f 3471 3472 3473
f 3477 3478 3475
f 3475 3476 3477
f 3481 3482 3479
f 3479 3480 3481
f 3485 3486 3483
f 3483 3484 3485
f 3494 3487 3497
f 3497 3498 3499
f 3504 3495 3496
f 3496 3497 3487
f 3487 3488 3489
f 3491 3492 3493
f 3494 3497 3499
f 3504 3496 3487
f 3491 3493 3494
f 3494 3499 3500
f 3504 3487 3489
f 3494 3500 3501
f 3503 3504 3489
f 3491 3494 3501
f 3502 3503 3489
f 3490 3491 3501
f 3502 3489 3490
f 3490 3501 3502
f 3512 3520 3521
f 3521 3522 3513
f 3518 3519 3520
f 3520 3512 3505
f 3505 3506 3507
f 3509 3510 3511
f 3511 3512 3521
f 3518 3520 3505
f 3505 3507 3508
f 3511 3521 3513
f 3517 3518 3505
f 3509 3511 3513
f 3516 3517 3505
f 3509 3513 3514
f 3516 3505 3508
f 3509 3514 3515
f 3515 3516 3508
f 3508 3509 3515
f 3525 3526 3523
f 3523 3524 3525
f 3529 3530 3527
f 3527 3528 3529
f 3533 3534 3531
f 3531 3532 3533
f 3537 3538 3535
f 3535 3536 3537
f 3541 3542 3539
f 3539 3540 3541
f 3546 3547 3543
f 3544 3545 3546
f 3546 3543 3544
f 3551 3552 3548
f 3548 3549 3550
f 3550 3551 3548
f 3555 3556 3553
f 3553 3554 3555
f 3559 3560 3557
f 3557 3558 3559
f 3563 3564 3561
f 3561 3562 3563
f 3567 3568 3565
f 3565 3566 3567
f 3571 3572 3569
f 3569 3570 3571
f 3575 3576 3573
f 3573 3574 3575
f 3579 3580 3577
f 3577 3578 3579
f 3583 3584 3581
f 3581 3582 3583
f 3587 3588 3585
f 3585 3586 3587
f 3591 3592 3589
f 3589 3590 3591
f 3595 3596 3593
f 3593 3594 3595
f 3599 3600 3597
f 3597 3598 3599
f 3603 3604 3601
f 3601 3602 3603
f 3607 3608 3605
f 3605 3606 3607
f 3611 3612 3609
f 3609 3610 3611
f 3615 3616 3613
f 3613 3614 3615
f 3619 3620 3617
f 3617 3618 3619
f 3623 3624 3621
f 3621 3622 3623
f 3627 3628 3625
f 3625 3626 3627
f 3631 3632 3629
f 3629 3630 3631
f 3635 3636 3633
f 3633 3634 3635
f 3639 3640 3637
f 3637 3638 3639
f 3643 3644 3641
f 3641 3642 3643
f 3647 3648 3645
f 3645 3646 3647
f 3665 3666 3649
f 3649 3650 3651
f 3651 3652 3653
f 3655 3656 3657
f 3657 3658 3659
f 3660 3661 3662
f 3662 3663 3664
f 3665 3649 3651
f 3651 3653 3654
f 3655 3657 3659
f 3660 3662 3664
f 3664 3665 3651
f 3654 3655 3659
f 3660 3664 3651
f 3651 3654 3659
f 3659 3660 3651
f 3683 3684 3667
f 3669 3670 3671
f 3671 3672 3673
f 3673 3674 3675
f 3675 3676 3677
f 3679 3680 3681
f 3681 3682 3683
f 3683 3667 3668
f 3669 3671 3673
f 3673 3675 3677
f 3679 3681 3683
f 3668 3669 3673
f 3673 3677 3678
f 3678 3679 3683
f 3683 3668 3673
f 3673 3678 3683
f 3687 3688 3685
f 3685 3686 3687
f 3691 3692 3689
f 3689 3690 3691
f 3695 3696 3693
f 3693 3694 3695
f 3699 3700 3697
f 3697 3698 3699
f 3703 3704 3701
f 3701 3702 3703
f 3707 3708 3705
f 3705 3706 3707
f 3711 3712 3709
f 3709 3710 3711
f 3715 3716 3713
f 3713 3714 3715
f 3719 3720 3717
f 3717 3718 3719
f 3723 3724 3721
f 3721 3722 3723
f 3727 3728 3725
f 3725 3726 3727
f 3731 3732 3729
f 3729 3730 3731
f 3735 3736 3733
f 3733 3734 3735
f 3739 3740 3737
f 3737 3738 3739
f 3743 3744 3741
f 3741 3742 3743
f 3747 3748 3745
f 3745 3746 3747
f 3751 3752 3749
f 3749 3750 3751
f 3755 3756 3753
f 3753 3754 3755
f 3759 3760 3757
f 3757 3758 3759
f 3763 3764 3761
f 3761 3762 3763
f 3767 3768 3765
f 3765 3766 3767
f 3771 3772 3769
f 3769 3770 3771
f 3775 3776 3773
f 3773 3774 3775
f 3779 3780 3777
f 3777 3778 3779
f 3783 3784 3781
f 3781 3782 3783
f 3787 3788 3785
f 3785 3786 3787
f 3791 3792 3789
f 3789 3790 3791
f 3795 3796 3793
f 3793 3794 3795
f 3799 3800 3797
f 3797 3798 3799
f 3803 3804 3801
f 3801 3802 3803
f 3807 3808 3805
f 3805 3806 3807
f 3811 3812 3809
f 3809 3810 3811
f 3815 3816 3813
f 3813 3814 3815
f 3819 3820 3817
f 3817 3818 3819
f 3823 3824 3821
f 3821 3822 3823
f 3827 3828 3825
f 3825 3826 3827
f 3831 3832 3829
f 3829 3830 3831
f 3835 3836 3833
f 3833 3834 3835
f 3850 3837 3838
f 3838 3839 3840
f 3843 3844 3845
f 3845 3846 3847
f 3848 3849 3850
f 3850 3838 3840
f 3845 3847 3848
f 3850 3840 3841
f 3843 3845 3848
f 3848 3850 3841
f 3842 3843 3848
f 3848 3841 3842
f 3863 3864 3851
f 3851 3852 3853
f 3853 3854 3855
f 3855 3856 3857
f 3860 3861 3862
f 3862 3863 3851
f 3853 3855 3857
f 3860 3862 3851
f 3853 3857 3858
f 3859 3860 3851
f 3851 3853 3858
f 3858 3859 3851
f 3867 3868 3865
f 3865 3866 3867
f 3871 3872 3869
f 3869 3870 3871
f 3875 3876 3873
f 3873 3874 3875
f 3879 3880 3877
f 3877 3878 3879
f 3883 3884 3881
f 3881 3882 3883
f 3887 3888 3885
f 3885 3886 3887
f 3891 3892 3889
f 3889 3890 3891
f 3895 3896 3893
f 3893 3894 3895
f 3899 3900 3897
f 3897 3898 3899
f 3903 3904 3901
f 3901 3902 3903
f 3907 3908 3905
f 3905 3906 3907
f 3911 3912 3909
f 3909 3910 3911
f 3915 3916 3913
f 3913 3914 3915
f 3919 3920 3917
f 3917 3918 3919
f 3923 3924 3921
f 3921 3922 3923
f 3927 3928 3925
f 3925 3926 3927
f 3931 3932 3929
f 3929 3930 3931
f 3935 3936 3933
f 3933 3934 3935
f 3947 3948 3937
f 3938 3939 3940
f 3940 3941 3942
f 3944 3945 3946
f 3946 3947 3937
f 3938 3940 3942
f 3944 3946 3937
f 3938 3942 3943
f 3943 3944 3937
f 3937 3938 3943
f 3960 3949 3950
f 3950 3951 3952
f 3954 3955 3956
f 3956 3957 3958
f 3960 3950 3952
f 3956 3958 3959
f 3960 3952 3953
f 3954 3956 3959
f 3959 3960 3953
f 3953 3954 3959
